state_fips,state_abbr,candidate_a,candidate_b,votes_a_beats_b,votes_b_beats_a,margin,margin_pct,locked,lock_order,rp_winner_overall
1,AL,CON_1,CON_2,424.5115987868211,0.0,424.51,100.0,True,1,CON_1
1,AL,CON_1,CUP_1,268.3882055050037,156.1233932818174,112.26,26.4456,True,6,CON_1
1,AL,CON_1,NAT_1,358.1312704668817,66.38032831993944,291.75,68.7263,True,2,CON_1
1,AL,CON_1,STY_1,229.42597094815875,195.0856278386624,34.34,8.0894,True,9,CON_1
1,AL,CON_2,CUP_1,268.3882055050037,156.1233932818174,112.26,26.4456,True,7,CON_1
1,AL,CON_2,NAT_1,358.1312704668817,66.38032831993944,291.75,68.7263,True,3,CON_1
1,AL,CON_2,STY_1,229.42597094815875,195.0856278386624,34.34,8.0894,True,10,CON_1
1,AL,CUP_1,NAT_1,306.25702329552905,118.25457549129206,188.0,44.2868,True,5,CON_1
1,AL,CUP_1,STY_1,159.09183991508567,265.41975887173544,106.33,25.0471,True,8,CON_1
1,AL,NAT_1,STY_1,96.41785337978537,328.0937454070357,231.68,54.5747,True,4,CON_1
2,AK,CON_1,CUP_1,25.220121882730393,50.25538164204457,25.04,33.17,True,3,STY_1
2,AK,CON_1,LBR_1,35.06271326445759,40.41279026031737,5.35,7.0885,True,9,STY_1
2,AK,CON_1,LIB_1,37.99840544576633,37.477098079008634,0.52,0.6907,True,10,STY_1
2,AK,CON_1,STY_1,28.49279520710061,46.98270831767436,18.49,24.4979,True,6,STY_1
2,AK,CUP_1,LBR_1,30.054502687333102,45.42100083744186,15.37,20.3596,True,7,STY_1
2,AK,CUP_1,LIB_1,50.05150846521765,25.423995059557306,24.63,32.6298,True,4,STY_1
2,AK,CUP_1,STY_1,28.035050646698554,47.44045287807641,19.41,25.7109,True,5,STY_1
2,AK,LBR_1,LIB_1,63.18044246296169,12.29506106181327,50.89,67.4197,True,1,STY_1
2,AK,LBR_1,STY_1,32.09503407767102,43.380469447103934,11.29,14.9524,True,8,STY_1
2,AK,LIB_1,STY_1,17.114209693807712,58.361293830967256,41.25,54.6496,True,2,STY_1
4,AZ,CON_1,LBR_1,379.6681423502963,348.31223763761795,31.36,4.3072,True,10,POP_1
4,AZ,CON_1,LIB_1,451.96138368891354,276.0189962990007,175.94,24.1686,True,6,POP_1
4,AZ,CON_1,NAT_1,578.6281776398826,149.35220234803177,429.28,58.9681,True,2,POP_1
4,AZ,CON_1,POP_1,269.35593007530156,458.6244499126127,189.27,25.9991,True,5,POP_1
4,AZ,LBR_1,LIB_1,586.861051381321,141.11932860659314,445.74,61.2299,True,1,POP_1
4,AZ,LBR_1,NAT_1,446.64957146659765,281.33080852131656,165.32,22.7092,True,7,POP_1
4,AZ,LBR_1,POP_1,339.0931264183638,388.88725356955047,49.79,6.84,True,8,POP_1
4,AZ,LIB_1,NAT_1,386.2336938206572,341.746686167257,44.49,6.111,True,9,POP_1
4,AZ,LIB_1,POP_1,237.16423526679384,490.8161447211204,253.65,34.8432,True,4,POP_1
4,AZ,NAT_1,POP_1,161.18437518941755,566.7960047984968,405.61,55.7174,True,3,POP_1
5,AR,CON_1,CUP_1,126.94952105657562,122.62692066525342,4.32,1.732,True,10,POP_1
5,AR,CON_1,LBR_1,134.690204474907,114.88623724692205,19.8,7.935,True,7,POP_1
5,AR,CON_1,LIB_1,168.41086293850464,81.16557878332439,87.25,34.9573,True,4,POP_1
5,AR,CON_1,POP_1,114.19069683054242,135.38574489128663,21.2,8.4924,True,6,POP_1
5,AR,CUP_1,LBR_1,105.97807995635247,143.59836176547657,37.62,15.0737,True,5,POP_1
5,AR,CUP_1,LIB_1,181.56902917731452,68.00741254451451,113.56,45.5017,True,3,POP_1
5,AR,CUP_1,POP_1,127.68257585558237,121.89386586624667,5.79,2.3194,False,9,POP_1
5,AR,LBR_1,LIB_1,218.20834045248898,31.368101269340073,186.84,74.8629,True,1,POP_1
5,AR,LBR_1,POP_1,121.64446316628101,127.93197855554806,6.29,2.5193,True,8,POP_1
5,AR,LIB_1,POP_1,65.45448100692106,184.121960714908,118.67,47.5475,True,2,POP_1
6,CA,CON_1,LBR_1,915.3892695923331,1483.8265975885274,568.44,23.6926,True,7,LBR_1
6,CA,CON_1,LIB_1,1258.3054783714401,1140.9103888094205,117.4,4.8931,True,10,LBR_1
6,CA,CON_1,POP_1,699.2701975938965,1699.9456695869644,1000.68,41.7084,True,2,LBR_1
6,CA,CON_1,STY_1,866.0518890682923,1533.1639781125682,667.11,27.8054,True,5,LBR_1
6,CA,LBR_1,LIB_1,1742.4023858716935,656.8134813091671,1085.59,45.2477,True,1,LBR_1
6,CA,LBR_1,POP_1,1495.0487883592778,904.167078821583,590.88,24.6281,True,6,LBR_1
6,CA,LBR_1,STY_1,1293.6692280332118,1105.5466391476489,188.12,7.841,True,9,LBR_1
6,CA,LIB_1,POP_1,1009.2322687163149,1389.9835984645456,380.75,15.8698,True,8,LBR_1
6,CA,LIB_1,STY_1,796.9434253757556,1602.272441805105,805.33,33.5663,True,4,LBR_1
6,CA,POP_1,STY_1,713.9809436296612,1685.2349235511995,971.25,40.4821,True,3,LBR_1
8,CO,CON_1,LBR_1,235.43944236669577,288.33057059007257,52.89,10.0982,True,8,LBR_1
8,CO,CON_1,LIB_1,275.12163764361907,248.6483753131493,26.47,5.0544,True,9,LBR_1
8,CO,CON_1,POP_1,183.4642592897292,340.3057536670391,156.84,29.9447,True,3,LBR_1
8,CO,CON_1,STY_1,214.09881895540548,309.6711940013629,95.57,18.247,True,6,LBR_1
8,CO,LBR_1,LIB_1,379.4569554470632,144.31305750970512,235.14,44.8945,True,1,LBR_1
8,CO,LBR_1,POP_1,294.31307131226487,229.4569416445035,64.86,12.3826,True,7,LBR_1
8,CO,LBR_1,STY_1,264.9745456241338,258.7954673326346,6.18,1.1797,True,10,LBR_1
8,CO,LIB_1,POP_1,211.42795301678814,312.34205993998023,100.91,19.2669,True,5,LBR_1
8,CO,LIB_1,STY_1,173.8194301594912,349.95058279727715,176.13,33.6276,True,2,LBR_1
8,CO,POP_1,STY_1,211.22533033742098,312.5446826193473,101.32,19.3442,True,4,LBR_1
9,CT,CON_1,LBR_1,124.14726519732989,185.02358719203136,60.88,19.6902,True,9,LBR_1
9,CT,CON_1,LIB_1,160.67049612074857,148.50035626861268,12.17,3.9364,True,10,LBR_1
9,CT,CON_1,POP_1,103.48882464006496,205.68202774929625,102.19,33.054,True,6,LBR_1
9,CT,CON_1,PRG_1,214.1148515208594,95.05600086850183,119.06,38.5091,True,4,LBR_1
9,CT,LBR_1,LIB_1,211.2272055682445,97.94364682111673,113.28,36.6411,True,5,LBR_1
9,CT,LBR_1,POP_1,193.23736473312732,115.93348765623388,77.3,25.0036,True,7,LBR_1
9,CT,LBR_1,PRG_1,263.8646546934309,45.306197695930344,218.56,70.6918,True,2,LBR_1
9,CT,LIB_1,POP_1,123.61460814361976,185.55624424574142,61.94,20.0348,True,8,LBR_1
9,CT,LIB_1,PRG_1,270.08813075053206,39.0827216388292,231.01,74.7177,True,1,LBR_1
9,CT,POP_1,PRG_1,232.7628582426934,76.40799414666779,156.35,50.5723,True,3,LBR_1
10,DE,CON_1,CON_2,134.07279891179968,0.0,134.07,100.0,True,1,LBR_1
10,DE,CON_1,LBR_1,53.85926314700868,80.213535764791,26.35,19.6567,True,5,LBR_1
10,DE,CON_1,LIB_1,75.14126267376975,58.93153623802993,16.21,12.0902,True,7,LBR_1
10,DE,CON_1,STY_1,68.78630319783082,65.28649571396888,3.5,2.6104,True,9,LBR_1
10,DE,CON_2,LBR_1,53.85926314700868,80.213535764791,26.35,19.6567,True,6,LBR_1
10,DE,CON_2,LIB_1,75.14126267376975,58.93153623802993,16.21,12.0902,True,8,LBR_1
10,DE,CON_2,STY_1,68.78630319783082,65.28649571396888,3.5,2.6104,True,10,LBR_1
10,DE,LBR_1,LIB_1,99.53813065313425,34.534668258665434,65.0,48.4837,True,2,LBR_1
10,DE,LBR_1,STY_1,84.47284624222135,49.59995266957833,34.87,26.0104,True,4,LBR_1
10,DE,LIB_1,STY_1,41.73263770892558,92.34016120287411,50.61,37.7463,True,3,LBR_1
11,DC,LBR_1,LIB_1,40.88275961718719,35.18221977173284,5.7,7.4943,True,9,LBR_1
11,DC,LBR_1,LIB_2,40.88275961718719,35.18221977173284,5.7,7.4943,True,10,LBR_1
11,DC,LBR_1,POP_1,59.40173449031292,16.66324489860712,42.74,56.1868,True,3,LBR_1
11,DC,LBR_1,PRG_1,62.76700663419038,13.29797275472966,49.47,65.0352,True,2,LBR_1
11,DC,LIB_1,LIB_2,76.06497938892004,0.0,76.06,100.0,True,1,LBR_1
11,DC,LIB_1,POP_1,54.08895424045729,21.97602514846274,32.11,42.2178,True,6,LBR_1
11,DC,LIB_1,PRG_1,59.022110053813265,17.042869335106765,41.98,55.1887,True,4,LBR_1
11,DC,LIB_2,POP_1,54.08895424045729,21.97602514846274,32.11,42.2178,True,7,LBR_1
11,DC,LIB_2,PRG_1,59.022110053813265,17.042869335106765,41.98,55.1887,True,5,LBR_1
11,DC,POP_1,PRG_1,44.42530847032123,31.639670918598803,12.79,16.8088,True,8,LBR_1
12,FL,CON_1,CUP_1,926.7889796752913,936.9021225294697,10.11,0.5426,True,8,STY_1
12,FL,CON_1,LBR_1,932.8449842807916,930.8461179239696,2.0,0.1073,False,10,STY_1
12,FL,CON_1,LIB_1,1239.0508406325853,624.6402615721759,614.41,32.9674,True,4,STY_1
12,FL,CON_1,STY_1,871.3976090815773,992.2934931231838,120.9,6.4869,True,7,STY_1
12,FL,CUP_1,LBR_1,927.3509192426318,936.3401829621293,8.99,0.4823,True,9,STY_1
12,FL,CUP_1,LIB_1,1317.571581973296,546.1195202314652,771.45,41.3938,True,3,STY_1
12,FL,CUP_1,STY_1,856.3754187095918,1007.3156834951692,150.94,8.099,True,6,STY_1
12,FL,LBR_1,LIB_1,1591.5452181458843,272.14588405887673,1319.4,70.795,True,1,STY_1
12,FL,LBR_1,STY_1,748.5065626055998,1115.1845395991613,366.68,19.6748,True,5,STY_1
12,FL,LIB_1,STY_1,348.43160992497246,1515.2594922797887,1166.83,62.6084,True,2,STY_1
13,GA,CON_1,CUP_1,468.07508756294783,411.4711083150262,56.6,6.4356,True,9,STY_1
13,GA,CON_1,LBR_1,431.3551870071553,448.1910088708187,16.84,1.9141,True,10,STY_1
13,GA,CON_1,LIB_1,562.6695264319155,316.8766694460584,245.79,27.9454,True,4,STY_1
13,GA,CON_1,STY_1,396.3236836952601,483.22251218271384,86.9,9.88,True,7,STY_1
13,GA,CUP_1,LBR_1,397.37105590315923,482.17513997481484,84.8,9.6418,True,8,STY_1
13,GA,CUP_1,LIB_1,585.7875689675897,293.75862691038435,292.03,33.2022,True,3,STY_1
13,GA,CUP_1,STY_1,359.6514028696627,519.8947930083114,160.24,18.2189,True,5,STY_1
13,GA,LBR_1,LIB_1,713.760902772018,165.78529310595596,547.98,62.3021,True,1,STY_1
13,GA,LBR_1,STY_1,379.0165587860264,500.5296370919475,121.51,13.8154,True,6,STY_1
13,GA,LIB_1,STY_1,184.34242900316167,695.2037668748123,510.86,58.0824,True,2,STY_1
15,HI,CON_1,LBR_1,44.58628642962943,83.06701308427834,38.48,30.1447,True,6,LBR_1
15,HI,CON_1,LBR_2,44.58628642962943,83.06701308427834,38.48,30.1447,True,7,LBR_1
15,HI,CON_1,LIB_1,60.8485528768769,66.80474663703086,5.96,4.6659,True,10,LBR_1
15,HI,CON_1,POP_1,50.164222688603935,77.48907682530383,27.32,21.4055,True,8,LBR_1
15,HI,LBR_1,LBR_2,127.65329951390777,0.0,127.65,100.0,True,1,LBR_1
15,HI,LBR_1,LIB_1,90.74987501500419,36.903424498903576,53.85,42.1818,True,2,LBR_1
15,HI,LBR_1,POP_1,86.34183962766164,41.311459886246126,45.03,35.2755,True,4,LBR_1
15,HI,LBR_2,LIB_1,90.74987501500419,36.903424498903576,53.85,42.1818,True,3,LBR_1
15,HI,LBR_2,POP_1,86.34183962766164,41.311459886246126,45.03,35.2755,True,5,LBR_1
15,HI,LIB_1,POP_1,59.58798447981471,68.06531503409306,8.48,6.6409,True,9,LBR_1
16,ID,CON_1,LBR_1,113.84058123977364,87.82680667444858,26.01,12.8993,True,8,POP_1
16,ID,CON_1,LIB_1,136.09993104948603,65.56745686473622,70.53,34.9747,True,5,POP_1
16,ID,CON_1,NAT_1,168.42124283593205,33.246145078290205,135.18,67.0287,True,2,POP_1
16,ID,CON_1,POP_1,91.71358194308992,109.95380597113234,18.24,9.0447,True,9,POP_1
16,ID,LBR_1,LIB_1,171.66110581429717,30.006282099925055,141.65,70.2418,True,1,POP_1
16,ID,LBR_1,NAT_1,124.66873085708241,76.99865705713981,47.67,23.638,True,6,POP_1
16,ID,LBR_1,POP_1,78.37430436231445,123.29308355190781,44.92,22.2737,True,7,POP_1
16,ID,LIB_1,NAT_1,98.900376065132,102.76701184909025,3.87,1.9173,True,10,POP_1
16,ID,LIB_1,POP_1,43.1239167437541,158.54347117046814,115.42,57.2326,True,3,POP_1
16,ID,NAT_1,POP_1,45.39409022135476,156.2732976928675,110.88,54.9812,True,4,POP_1
17,IL,CON_1,CUP_1,396.98088819405064,519.0455788958652,122.06,13.3255,True,8,LBR_1
17,IL,CON_1,LBR_1,378.70228295612725,537.3241841337885,158.62,17.3163,True,6,LBR_1
17,IL,CON_1,LIB_1,481.05564478342956,434.9708223064863,46.08,5.0309,True,10,LBR_1
17,IL,CON_1,POP_1,360.80320706590635,555.2232600240095,194.42,21.2243,True,4,LBR_1
17,IL,CUP_1,LBR_1,321.255660679537,594.7708064103788,273.52,29.8589,True,2,LBR_1
17,IL,CUP_1,LIB_1,547.8904420356764,368.1360250542395,179.75,19.6233,True,5,LBR_1
17,IL,CUP_1,POP_1,489.3326711749386,426.6937959149773,62.64,6.8381,True,9,LBR_1
17,IL,LBR_1,LIB_1,677.1431923654893,238.88327472442657,438.26,47.8436,True,1,LBR_1
17,IL,LBR_1,POP_1,565.680977458824,350.3454896310919,215.34,23.5076,True,3,LBR_1
17,IL,LIB_1,POP_1,385.26352703962027,530.7629400502956,145.5,15.8838,True,7,LBR_1
18,IN,CON_1,LBR_1,328.6388696407796,278.2300137066497,50.41,8.3064,True,8,CON_1
18,IN,CON_1,LIB_1,392.88592288295627,213.98296046447305,178.9,29.4797,True,6,CON_1
18,IN,CON_1,NAT_1,508.85962669361464,98.00925665381466,410.85,67.7,True,1,CON_1
18,IN,CON_1,STY_1,306.6624556815009,300.20642766592846,6.46,1.0638,True,10,CON_1
18,IN,LBR_1,LIB_1,490.74718555181806,116.12169779561128,374.63,61.7309,True,2,CON_1
18,IN,LBR_1,NAT_1,433.3775739510403,173.491309396389,259.89,42.8241,True,5,CON_1
18,IN,LBR_1,STY_1,243.71547724256396,363.1534061048653,119.44,19.681,True,7,CON_1
18,IN,LIB_1,NAT_1,328.10578150257334,278.76310184485595,49.34,8.1307,True,9,CON_1
18,IN,LIB_1,STY_1,135.3136820526587,471.55520129477065,336.24,55.406,True,4,CON_1
18,IN,NAT_1,STY_1,129.14270153304994,477.7261818143794,348.58,57.4397,True,3,CON_1
19,IA,CON_1,CUP_1,141.7294504467995,131.34242965235597,10.39,3.8038,True,8,CON_1
19,IA,CON_1,LBR_1,139.93538600255204,133.13649409660349,6.8,2.4898,True,9,CON_1
19,IA,CON_1,LIB_1,174.15400353042736,98.91787656872813,75.24,27.5518,True,5,CON_1
19,IA,CON_1,NAT_1,229.61722895594716,43.45465114320835,186.16,68.1735,True,2,CON_1
19,IA,CUP_1,LBR_1,137.36146590606455,135.71041419309097,1.65,0.6046,True,10,CON_1
19,IA,CUP_1,LIB_1,185.28804751522867,87.78383258392684,97.5,35.7064,True,4,CON_1
19,IA,CUP_1,NAT_1,191.58563171847302,81.4862483806825,110.1,40.3188,True,3,CON_1
19,IA,LBR_1,LIB_1,229.89603025116918,43.175849847986356,186.72,68.3777,True,1,CON_1
19,IA,LBR_1,NAT_1,174.0309204537084,99.04095964544716,74.99,27.4616,True,6,CON_1
19,IA,LIB_1,NAT_1,152.23672659514563,120.8351535040099,31.4,11.4994,True,7,CON_1
20,KS,CON_1,CON_2,229.17584491936086,0.0,229.18,100.0,True,1,STY_1
20,KS,CON_1,LBR_1,117.30185480530719,111.87399011405367,5.43,2.3684,True,9,STY_1
20,KS,CON_1,LIB_1,135.06266825556008,94.11317666380077,40.95,17.8682,True,4,STY_1
20,KS,CON_1,STY_1,106.3508679832612,122.82497693609966,16.47,7.1884,True,7,STY_1
20,KS,CON_2,LBR_1,117.30185480530719,111.87399011405367,5.43,2.3684,True,10,STY_1
20,KS,CON_2,LIB_1,135.06266825556008,94.11317666380077,40.95,17.8682,True,5,STY_1
20,KS,CON_2,STY_1,106.3508679832612,122.82497693609966,16.47,7.1884,True,8,STY_1
20,KS,LBR_1,LIB_1,176.44805048168428,52.72779443767657,123.72,53.9849,True,2,STY_1
20,KS,LBR_1,STY_1,98.97989747501049,130.19594744435034,31.22,13.621,True,6,STY_1
20,KS,LIB_1,STY_1,57.676312381733474,171.49953253762737,113.82,49.6663,True,3,STY_1
21,KY,CON_1,CUP_1,219.4532744543581,207.69442245838235,11.76,2.7529,True,7,CON_1
21,KY,CON_1,LBR_1,248.12778129983207,179.0199156129084,69.11,16.1789,True,5,CON_1
21,KY,CON_1,NAT_1,361.42717849891955,65.72051841382093,295.71,69.2282,True,1,CON_1
21,KY,CON_1,POP_1,212.61151597847618,214.53618093426425,1.92,0.4506,False,10,CON_1
21,KY,CUP_1,LBR_1,215.13721742458256,212.0104794881579,3.13,0.732,True,9,CON_1
21,KY,CUP_1,NAT_1,302.58488854813254,124.56280836460789,178.02,41.6769,True,3,CON_1
21,KY,CUP_1,POP_1,218.65985394868125,208.4878429640592,10.17,2.3814,True,8,CON_1
21,KY,LBR_1,NAT_1,270.9002341640858,156.24746274865464,114.65,26.8415,True,4,CON_1
21,KY,LBR_1,POP_1,182.47500527443398,244.67269163830645,62.2,14.5612,True,6,CON_1
21,KY,NAT_1,POP_1,94.77388144381462,332.37381546892584,237.6,55.6248,True,2,CON_1
22,LA,CON_1,CUP_1,171.5028947707046,131.80817929676522,39.69,13.0871,True,6,CON_1
22,LA,CON_1,LBR_1,167.14472263123818,136.1663514362316,30.98,10.2134,True,7,CON_1
22,LA,CON_1,NAT_1,249.95152291093362,53.3595511565362,196.59,64.8153,True,1,CON_1
22,LA,CON_1,STY_1,155.9839324408073,147.32714162666247,8.66,2.8541,True,10,CON_1
22,LA,CUP_1,LBR_1,163.1186384838291,140.1924355836407,22.93,7.5586,True,8,CON_1
22,LA,CUP_1,NAT_1,203.23910430211123,100.07196976535855,103.17,34.0136,True,3,CON_1
22,LA,CUP_1,STY_1,143.96957362997972,159.34150043749005,15.37,5.068,True,9,CON_1
22,LA,LBR_1,NAT_1,199.86979019280045,103.44128387466934,96.43,31.792,True,4,CON_1
22,LA,LBR_1,STY_1,106.23912962300072,197.07194444446907,90.83,29.9471,True,5,CON_1
22,LA,NAT_1,STY_1,80.66558935593031,222.64548471153944,141.98,46.81,True,2,CON_1
23,ME,CON_1,LBR_1,60.634283225822756,92.72539524055583,32.09,20.9254,True,7,LBR_1
23,ME,CON_1,LIB_1,74.3763940375401,78.98328442883849,4.61,3.004,True,10,LBR_1
23,ME,CON_1,POP_1,50.3403206595651,103.01935780681347,52.68,34.35,True,5,LBR_1
23,ME,CON_1,PRG_1,106.65937850437803,46.70029996200056,59.96,39.097,True,4,LBR_1
23,ME,LBR_1,LIB_1,102.83589511017507,50.52378335620348,52.31,34.1107,True,6,LBR_1
23,ME,LBR_1,POP_1,91.65955534540471,61.700123120973856,29.96,19.5354,True,8,LBR_1
23,ME,LBR_1,PRG_1,133.37980217720616,19.97987628917239,113.4,73.9438,True,2,LBR_1
23,ME,LIB_1,POP_1,70.04055424954298,83.3191242168356,13.28,8.6584,True,9,LBR_1
23,ME,LIB_1,PRG_1,135.24200341816277,18.117675048215816,117.12,76.3723,True,1,LBR_1
23,ME,POP_1,PRG_1,123.658276363098,29.701402103280582,93.96,61.2657,True,3,LBR_1
24,MD,CON_1,LBR_1,176.198373075607,304.42720524110337,128.23,26.6796,True,5,LBR_1
24,MD,CON_1,LIB_1,251.38696350490812,229.23861481180228,22.15,4.6082,True,10,LBR_1
24,MD,CON_1,POP_1,169.28992837410763,311.3356499426028,142.05,29.5543,True,3,LBR_1
24,MD,CON_1,STY_1,188.79137003007523,291.83420828663515,103.04,21.4393,True,7,LBR_1
24,MD,LBR_1,LIB_1,346.29203659947746,134.3335417172329,211.96,44.1005,True,1,LBR_1
24,MD,LBR_1,POP_1,301.33938078154824,179.28619753516207,122.05,25.3946,True,6,LBR_1
24,MD,LBR_1,STY_1,273.00758344651285,207.6179948701975,65.39,13.6051,True,8,LBR_1
24,MD,LIB_1,POP_1,223.63880221256193,256.9867761041484,33.35,6.9385,True,9,LBR_1
24,MD,LIB_1,STY_1,170.0272872196893,310.59829109702105,140.57,29.2475,True,4,LBR_1
24,MD,POP_1,STY_1,150.1312246358381,330.4943536808723,180.36,37.5267,True,2,LBR_1
25,MA,CON_1,LBR_1,182.93964771573667,319.7367308143756,136.8,27.2137,True,7,LBR_1
25,MA,CON_1,LIB_1,232.3510051881349,270.3253733419774,37.97,7.5544,True,9,LBR_1
25,MA,CON_1,POP_1,180.3416977626177,322.3346807674946,141.99,28.2474,True,6,LBR_1
25,MA,CON_1,PRG_1,311.6317428305739,191.04463569953842,120.59,23.989,True,8,LBR_1
25,MA,LBR_1,LIB_1,342.7296197942072,159.9467587359051,182.78,36.3619,True,4,LBR_1
25,MA,LBR_1,POP_1,334.1410024261686,168.53537610394375,165.61,32.9448,True,5,LBR_1
25,MA,LBR_1,PRG_1,425.6770099920893,76.99936853802299,348.68,69.3642,True,2,LBR_1
25,MA,LIB_1,POP_1,244.86804359558198,257.80833493453036,12.94,2.5743,True,10,LBR_1
25,MA,LIB_1,PRG_1,433.3270994400791,69.34927909003325,363.98,72.408,True,1,LBR_1
25,MA,POP_1,PRG_1,352.9912009810476,149.68517754906472,203.31,40.4447,True,3,LBR_1
26,MI,CON_1,CUP_1,448.7984070303945,387.15062254123654,61.65,7.3746,True,8,CON_1
26,MI,CON_1,LBR_1,429.4508776316082,406.4981519400229,22.95,2.7457,True,10,CON_1
26,MI,CON_1,LIB_1,516.7684870610879,319.1805425105433,197.59,23.6364,True,6,CON_1
26,MI,CON_1,NAT_1,698.0821343192981,137.866895252333,560.22,67.0155,True,1,CON_1
26,MI,CUP_1,LBR_1,365.74194139531164,470.2070881763194,104.47,12.4966,True,7,CON_1
26,MI,CUP_1,LIB_1,535.300881582076,300.64814798955496,234.65,28.0702,True,5,CON_1
26,MI,CUP_1,NAT_1,593.5436345936205,242.40539497801058,351.14,42.0047,True,3,CON_1
26,MI,LBR_1,LIB_1,654.1418974774242,181.80713209420685,472.33,56.5028,True,2,CON_1
26,MI,LBR_1,NAT_1,568.4132305291475,267.53579904248346,300.88,35.9923,True,4,CON_1
26,MI,LIB_1,NAT_1,445.6840955832889,390.26493398834214,55.42,6.6295,True,9,CON_1
27,MN,CON_1,LBR_1,194.58940164203923,266.4758762732779,71.89,15.5914,True,8,LBR_1
27,MN,CON_1,LIB_1,230.02356388541503,231.04171402990212,1.02,0.2208,True,10,LBR_1
27,MN,CON_1,POP_1,154.4434246206391,306.62185329467803,152.18,33.0058,True,4,LBR_1
27,MN,CON_1,PRG_1,287.02023097155006,174.0450469437671,112.98,24.5031,True,6,LBR_1
27,MN,LBR_1,LIB_1,299.9054164101966,161.1598615051206,138.75,30.0924,True,5,LBR_1
27,MN,LBR_1,POP_1,278.44929420074214,182.615983714575,95.83,20.7852,True,7,LBR_1
27,MN,LBR_1,PRG_1,382.7429343755116,78.32234353980557,304.42,66.0255,True,2,LBR_1
27,MN,LIB_1,POP_1,227.79609281648527,233.26918509883188,5.47,1.1871,True,9,LBR_1
27,MN,LIB_1,PRG_1,389.14121828502084,71.92405963029627,317.22,68.8009,True,1,LBR_1
27,MN,POP_1,PRG_1,328.4338745840889,132.63140333122817,195.8,42.4674,True,3,LBR_1
28,MS,CON_1,LBR_1,134.66686222767424,112.24800520265866,22.42,9.0796,True,7,STY_1
28,MS,CON_1,OAO_1,214.43200054925893,32.48286688107398,181.95,73.689,True,1,STY_1
28,MS,CON_1,POP_1,124.83080341944633,122.0840640108866,2.75,1.1124,True,10,STY_1
28,MS,CON_1,STY_1,118.3761832300871,128.53868420024585,10.16,4.1158,True,9,STY_1
28,MS,LBR_1,OAO_1,145.87540863366036,101.03945879667255,44.84,18.1585,True,5,STY_1
28,MS,LBR_1,POP_1,112.69671868588867,134.21814874444425,21.52,8.7161,True,8,STY_1
28,MS,LBR_1,STY_1,72.4310882331741,174.48377919715884,102.05,41.3311,True,4,STY_1
28,MS,OAO_1,POP_1,37.26540294683324,209.64946448349968,172.38,69.8152,True,2,STY_1
28,MS,OAO_1,STY_1,40.33027584782439,206.58459158250852,166.25,67.3326,True,3,STY_1
28,MS,POP_1,STY_1,103.66779181033975,143.24707561999315,39.58,16.0295,True,6,STY_1
29,MO,CON_1,CUP_1,308.5172630607762,261.7837463833288,46.73,8.1945,True,8,STY_1
29,MO,CON_1,LBR_1,290.7813316875008,279.5196777566041,11.26,1.9747,True,10,STY_1
29,MO,CON_1,LIB_1,370.3734417715327,199.92756767257225,170.45,29.887,True,4,STY_1
29,MO,CON_1,STY_1,270.2422882199665,300.0587212241385,29.82,5.2282,True,9,STY_1
29,MO,CUP_1,LBR_1,258.85357203780154,311.4474374063035,52.59,9.2221,True,7,STY_1
29,MO,CUP_1,LIB_1,383.02746961695766,187.27353982714737,195.75,34.3247,True,3,STY_1
29,MO,CUP_1,STY_1,228.46266443345627,341.83834501064877,113.38,19.88,True,6,STY_1
29,MO,LBR_1,LIB_1,484.0436415603083,86.25736788379669,397.79,69.7502,True,1,STY_1
29,MO,LBR_1,STY_1,224.70330665727488,345.5977027868301,120.89,21.1983,True,5,STY_1
29,MO,LIB_1,STY_1,104.52800736726239,465.77300207684254,361.24,63.3429,True,2,STY_1
30,MT,CON_1,LBR_1,81.85197236647656,79.29034835381299,2.56,1.5897,True,10,CON_1
30,MT,CON_1,LIB_1,105.11520622472273,56.02711449556681,49.09,30.4626,True,5,CON_1
30,MT,CON_1,NAT_1,121.41312110618068,39.729199614108886,81.68,50.6905,True,3,CON_1
30,MT,CON_1,STY_1,83.1010496844811,78.04127103580845,5.06,3.1399,True,9,CON_1
30,MT,LBR_1,LIB_1,126.47123180942734,34.671088910862224,91.8,56.9684,True,1,CON_1
30,MT,LBR_1,NAT_1,94.05108816795692,67.09123255233263,26.96,16.7305,True,7,CON_1
30,MT,LBR_1,STY_1,64.6631345973903,96.47918612289925,31.82,19.7441,True,6,CON_1
30,MT,LIB_1,NAT_1,77.53954719096936,83.60277352932022,6.06,3.7627,True,8,CON_1
30,MT,LIB_1,STY_1,38.274680886096085,122.86763983419347,84.59,52.4958,True,2,CON_1
30,MT,NAT_1,STY_1,53.24302057434487,107.89930014594466,54.66,33.918,True,4,CON_1
31,NE,CON_1,CUP_1,75.49568986959528,100.12908297681267,24.63,14.0261,True,6,LBR_1
31,NE,CON_1,LBR_1,84.43344488154757,91.19132796486039,6.76,3.8479,True,9,LBR_1
31,NE,CON_1,LIB_1,110.49303814293057,65.13173470347738,45.36,25.8285,True,4,LBR_1
31,NE,CON_1,POP_1,69.59614614245245,106.0286267039555,36.43,20.7445,True,5,LBR_1
31,NE,CUP_1,LBR_1,75.54320433647325,100.08156850993473,24.54,13.972,True,7,LBR_1
31,NE,CUP_1,LIB_1,118.88018184934417,56.74459099706378,62.14,35.3797,True,3,LBR_1
31,NE,CUP_1,POP_1,92.0602370079325,83.56453583847545,8.5,4.8374,True,8,LBR_1
31,NE,LBR_1,LIB_1,149.41546769930423,26.209305147103723,123.21,70.1531,True,1,LBR_1
31,NE,LBR_1,POP_1,86.68287886275694,88.94189398365103,2.26,1.2863,False,10,LBR_1
31,NE,LIB_1,POP_1,50.32317306377839,125.30159978262957,74.98,42.6924,True,2,LBR_1
32,NV,CON_1,LBR_1,199.88279661888407,230.7695589154245,30.89,7.1721,True,8,STY_1
32,NV,CON_1,LIB_1,252.37827786822794,178.2740776660807,74.1,17.2074,True,6,STY_1
32,NV,CON_1,POP_1,164.73673892756813,265.91561660674046,101.18,23.4943,True,4,STY_1
32,NV,CON_1,STY_1,200.80942585671835,229.84292967759026,29.03,6.7417,True,9,STY_1
32,NV,LBR_1,LIB_1,333.6456093103832,97.00674622392539,236.64,54.9489,True,1,STY_1
32,NV,LBR_1,POP_1,243.07897029666773,187.57338523764085,55.51,12.8887,True,7,STY_1
32,NV,LBR_1,STY_1,207.7659817601748,222.8863737741338,15.12,3.511,True,10,STY_1
32,NV,LIB_1,POP_1,151.66304629281302,278.98930924149556,127.33,29.5659,True,3,STY_1
32,NV,LIB_1,STY_1,117.57367312458689,313.07868240972175,195.51,45.3974,True,2,STY_1
32,NV,POP_1,STY_1,171.01239128979103,259.63996424451756,88.63,20.5798,True,5,STY_1
33,NH,CON_1,CUP_1,59.028719525389825,108.15500838272911,49.13,29.3846,True,7,LBR_1
33,NH,CON_1,LBR_1,64.70240197985817,102.48132592826076,37.78,22.5972,True,10,LBR_1
33,NH,CON_1,OAO_1,141.43941231320542,25.74431559491354,115.7,69.2024,True,2,LBR_1
33,NH,CON_1,PRG_1,110.33090108019334,56.85282682792559,53.48,31.9876,True,6,LBR_1
33,NH,CUP_1,LBR_1,62.96777666361047,104.21595124450846,41.25,24.6724,True,9,LBR_1
33,NH,CUP_1,OAO_1,127.25861894303992,39.92510896507901,87.33,52.238,True,4,LBR_1
33,NH,CUP_1,PRG_1,125.94215057232915,41.24157733578976,84.7,50.6632,True,5,LBR_1
33,NH,LBR_1,OAO_1,131.99576787072542,35.187960037393516,96.81,57.905,True,3,LBR_1
33,NH,LBR_1,PRG_1,142.60350116176693,24.580226746351972,118.02,70.595,True,1,LBR_1
33,NH,OAO_1,PRG_1,105.23015174961716,61.95357615850176,43.28,25.8856,True,8,LBR_1
34,NJ,CON_1,CUP_1,314.5438688324962,416.91125900871396,102.37,13.995,True,5,LBR_1
34,NJ,CON_1,LBR_1,318.73184131345516,412.7232865277549,93.99,12.8499,True,6,LBR_1
34,NJ,CON_1,LIB_1,372.1011087292995,359.3540191119106,12.75,1.7427,True,10,LBR_1
34,NJ,CON_1,POP_1,278.9185246559669,452.5366031852433,173.62,23.736,True,3,LBR_1
34,NJ,CUP_1,LBR_1,250.28271460710914,481.172413234101,230.89,31.5658,True,2,LBR_1
34,NJ,CUP_1,LIB_1,405.02527813346023,326.42984970774984,78.6,10.7451,True,8,LBR_1
34,NJ,CUP_1,POP_1,402.19862456950364,329.2565032717065,72.94,9.9722,True,9,LBR_1
34,NJ,LBR_1,LIB_1,523.1482403500302,208.30688749117996,314.84,43.0432,True,1,LBR_1
34,NJ,LBR_1,POP_1,431.4441229110673,300.0110049301428,131.43,17.9687,True,4,LBR_1
34,NJ,LIB_1,POP_1,324.64015919666116,406.8149686445489,82.17,11.2344,True,7,LBR_1
35,NM,CON_1,CUP_1,95.95399367905976,149.14542857096615,53.19,21.702,True,7,LBR_1
35,NM,CON_1,LBR_1,95.28626399709304,149.8131582529329,54.53,22.2468,True,6,LBR_1
35,NM,CON_1,LIB_1,135.84585429531933,109.25356795470661,26.59,10.8496,True,9,LBR_1
35,NM,CON_1,STY_1,108.60629720062033,136.49312504940562,27.89,11.3778,True,8,LBR_1
35,NM,CUP_1,LBR_1,85.27477925564756,159.8246429943784,74.55,30.4162,True,4,LBR_1
35,NM,CUP_1,LIB_1,155.99344017687076,89.10598207315519,66.89,27.2899,True,5,LBR_1
35,NM,CUP_1,STY_1,78.92837592759628,166.1710463224297,87.24,35.5948,True,3,LBR_1
35,NM,LBR_1,LIB_1,195.72552603408388,49.373896215942054,146.35,59.7111,True,1,LBR_1
35,NM,LBR_1,STY_1,135.02087776756747,110.07854448245848,24.94,10.1764,True,10,LBR_1
35,NM,LIB_1,STY_1,66.33724626125019,178.76217598877577,112.42,45.8691,True,2,LBR_1
36,NY,CON_1,LBR_1,559.4364440116822,867.8840180457515,308.45,21.6103,True,7,LBR_1
36,NY,CON_1,LIB_1,755.4889267566734,671.8315353007603,83.66,5.8611,True,9,LBR_1
36,NY,CON_1,OAO_1,1230.986361995695,196.3341000617388,1034.65,72.4891,True,1,LBR_1
36,NY,CON_1,POP_1,521.2782878979642,906.0421741594696,384.76,26.9571,True,5,LBR_1
36,NY,LBR_1,LIB_1,1058.7064586838612,368.6140033735726,690.09,48.3488,True,3,LBR_1
36,NY,LBR_1,OAO_1,1046.9729552569102,380.3475068005236,666.63,46.7047,True,4,LBR_1
36,NY,LBR_1,POP_1,895.9633997135304,531.3570623439036,364.61,25.5448,True,6,LBR_1
36,NY,LIB_1,OAO_1,686.2886451769461,741.0318168804877,54.74,3.8354,True,10,LBR_1
36,NY,LIB_1,POP_1,585.2404118303668,842.080050227067,256.84,17.9945,True,8,LBR_1
36,NY,OAO_1,POP_1,230.20188820843043,1197.1185738490035,966.92,67.7435,True,2,LBR_1
37,NC,CON_1,LBR_1,478.0901939833478,416.0311483880338,62.06,6.9408,True,7,STY_1
37,NC,CON_1,LIB_1,576.2465860390973,317.8747563322843,258.37,28.8967,True,4,STY_1
37,NC,CON_1,POP_1,419.43353843907136,474.6878039323101,55.25,6.1797,True,8,STY_1
37,NC,CON_1,STY_1,441.2562104569246,452.865131914457,11.61,1.2984,True,9,STY_1
37,NC,LBR_1,LIB_1,711.1860718091145,182.93527056226696,528.25,59.0804,True,1,STY_1
37,NC,LBR_1,POP_1,444.28961658484917,449.8317257865324,5.54,0.6198,True,10,STY_1
37,NC,LBR_1,STY_1,380.40203018338445,513.719312187997,133.32,14.9104,True,6,STY_1
37,NC,LIB_1,POP_1,276.63993168201904,617.4814106893625,340.84,38.1203,True,3,STY_1
37,NC,LIB_1,STY_1,219.78456232257477,674.3367800488068,454.55,50.8379,True,2,STY_1
37,NC,POP_1,STY_1,365.23292323395856,528.8884191374229,163.66,18.3035,True,5,STY_1
38,ND,CON_1,CUP_1,33.66965669345489,33.83925608545518,0.17,0.2512,True,10,CUP_1
38,ND,CON_1,LBR_1,36.42116103065542,31.087751748254654,5.33,7.9003,True,6,CUP_1
38,ND,CON_1,LIB_1,43.08341315717177,24.425499621738293,18.66,27.6377,True,4,CUP_1
38,ND,CON_1,POP_1,27.535908787070987,39.973003991839086,12.44,18.4229,True,5,CUP_1
38,ND,CUP_1,LBR_1,35.996970993747645,31.511941785162428,4.49,6.6436,True,7,CUP_1
38,ND,CUP_1,LIB_1,44.692126340842876,22.816786438067197,21.88,32.4036,True,3,CUP_1
38,ND,CUP_1,POP_1,34.19173841692691,33.317174361983156,0.87,1.2955,True,9,CUP_1
38,ND,LBR_1,LIB_1,54.7600338030148,12.74887897589527,42.01,62.2305,True,1,CUP_1
38,ND,LBR_1,POP_1,32.48821622721197,35.02069655169811,2.53,3.7513,True,8,CUP_1
38,ND,LIB_1,POP_1,22.434309954706965,45.074602824203104,22.64,33.5367,True,2,CUP_1
39,OH,CON_1,CUP_1,588.8304095863289,463.6650942798374,125.17,11.8922,True,5,CON_1
39,OH,CON_1,LBR_1,554.8037998010276,497.69170406513865,57.11,5.4264,True,9,CON_1
39,OH,CON_1,LIB_1,701.2702374154368,351.22526645072946,350.04,33.2586,True,4,CON_1
39,OH,CON_1,POP_1,494.3068964584734,558.1886074076929,63.88,6.0695,False,8,CON_1
39,OH,CUP_1,LBR_1,500.7731870910078,551.7223167751586,50.95,4.8408,False,10,CON_1
39,OH,CUP_1,LIB_1,734.9596391565175,317.53586470964876,417.42,39.6604,True,3,CON_1
39,OH,CUP_1,POP_1,586.7426621912971,465.75284167486905,120.99,11.4955,True,6,CON_1
39,OH,LBR_1,LIB_1,867.1297219056626,185.36578196050368,681.76,64.7759,True,1,CON_1
39,OH,LBR_1,POP_1,494.26679023122654,558.2287136349397,63.96,6.0772,True,7,CON_1
39,OH,LIB_1,POP_1,297.79988877635935,754.6956150898069,456.9,43.4107,True,2,CON_1
40,OK,CON_1,CUP_1,207.98773020544428,163.00299680930397,44.98,12.1256,True,7,CON_1
40,OK,CON_1,LBR_1,222.949186242255,148.04154077249328,74.91,20.1912,True,5,CON_1
40,OK,CON_1,NAT_1,300.0517771876033,70.93894982714492,229.11,61.757,True,1,CON_1
40,OK,CON_1,POP_1,196.821010302442,174.16971671230627,22.65,6.1056,True,9,CON_1
40,OK,CUP_1,LBR_1,197.46390484034987,173.52682217439838,23.94,6.4522,True,8,CON_1
40,OK,CUP_1,NAT_1,256.2710444655412,114.71968254920708,141.55,38.155,True,3,CON_1
40,OK,CUP_1,POP_1,192.25229633953683,178.73843067521142,13.51,3.6426,True,10,CON_1
40,OK,LBR_1,NAT_1,230.65264356673973,140.33808344800855,90.31,24.3442,True,4,CON_1
40,OK,LBR_1,POP_1,150.73949530214819,220.2512317126001,69.51,18.7368,True,6,CON_1
40,OK,NAT_1,POP_1,88.91599495127019,282.0747320634781,193.16,52.0657,True,2,CON_1
41,OR,CON_1,LBR_1,224.50921308342257,341.5243126234262,117.02,20.6728,True,8,LBR_1
41,OR,CON_1,LIB_1,252.2480043579246,313.78552134892425,61.54,10.8717,True,10,LBR_1
41,OR,CON_1,NAT_1,467.8112575217177,98.22226818513104,369.59,65.2945,True,1,LBR_1
41,OR,CON_1,PRG_1,353.92151281454653,212.1120128923023,141.81,25.0532,True,7,LBR_1
41,OR,LBR_1,LIB_1,369.02662625113993,197.00689945570886,172.02,30.3904,True,5,LBR_1
41,OR,LBR_1,NAT_1,413.53828640353913,152.49523930330966,261.04,46.1179,True,4,LBR_1
41,OR,LBR_1,PRG_1,444.759225270454,121.27430043639475,323.48,57.1494,True,3,LBR_1
41,OR,LIB_1,NAT_1,357.32409965859074,208.70942604825805,148.61,26.2555,True,6,LBR_1
41,OR,LIB_1,PRG_1,459.2260395063148,106.80748620053399,352.42,62.2611,True,2,LBR_1
41,OR,NAT_1,PRG_1,238.3108204927934,327.7227052140554,89.41,15.7962,True,9,LBR_1
42,PA,CON_1,LBR_1,650.9665465648743,731.9781572326314,81.01,5.8579,True,10,LBR_1
42,PA,CON_1,LIB_1,795.1736857189167,587.7710180785891,207.4,14.9972,True,8,LBR_1
42,PA,CON_1,NAT_1,1218.5035343722568,164.44116942524866,1054.06,76.2187,True,1,LBR_1
42,PA,CON_1,POP_1,573.624170349616,809.3205334478895,235.7,17.0431,True,7,LBR_1
42,PA,LBR_1,LIB_1,1004.1913907912476,378.7533130062578,625.44,45.2251,True,4,LBR_1
42,PA,LBR_1,NAT_1,1048.878624043758,334.06607975374754,714.81,51.6877,True,3,LBR_1
42,PA,LBR_1,POP_1,786.9216740315301,596.0230297659755,190.9,13.8038,True,9,LBR_1
42,PA,LIB_1,NAT_1,854.8839991535667,528.0607046439388,326.82,23.6324,True,5,LBR_1
42,PA,LIB_1,POP_1,532.0300489449239,850.9146548525816,318.88,23.0584,True,6,LBR_1
42,PA,NAT_1,POP_1,183.39553916777413,1199.5491646297314,1016.15,73.4775,True,2,LBR_1
44,RI,CON_1,LBR_1,35.11318681239778,67.47628132955099,32.36,31.5462,True,7,LBR_1
44,RI,CON_1,LIB_1,46.834955117627885,55.75451302432089,8.92,8.6944,True,9,LBR_1
44,RI,CON_1,POP_1,32.314596967161464,70.27487117478731,37.96,37.0021,True,3,LBR_1
44,RI,CON_1,STY_1,34.90476294526074,67.68470519668803,32.78,31.9525,True,6,LBR_1
44,RI,LBR_1,LIB_1,69.21866332776699,33.370804814181774,35.85,34.943,True,4,LBR_1
44,RI,LBR_1,POP_1,73.00172769706303,29.587740444885736,43.41,42.3182,True,2,LBR_1
44,RI,LBR_1,STY_1,69.01192342971311,33.57754471223568,35.43,34.54,True,5,LBR_1
44,RI,LIB_1,POP_1,50.43761640444238,52.15185173750639,1.71,1.671,True,10,LBR_1
44,RI,LIB_1,STY_1,42.58520528417937,60.004262857769426,17.42,16.9794,True,8,LBR_1
44,RI,POP_1,STY_1,27.89802800310728,74.69144013884149,46.79,45.6123,True,1,LBR_1
45,SC,CON_1,LBR_1,227.60090441991142,212.12461067617005,15.48,3.5195,True,10,POP_1
45,SC,CON_1,LIB_1,283.74426411254456,155.98125098353688,127.76,29.0552,True,6,POP_1
45,SC,CON_1,NAT_1,375.96387739511,63.76163770097149,312.2,70.9993,True,2,POP_1
45,SC,CON_1,POP_1,199.68361414006154,240.0419009560199,40.36,9.1781,True,7,POP_1
45,SC,LBR_1,LIB_1,377.15688313850796,62.56863195757354,314.59,71.542,True,1,POP_1
45,SC,LBR_1,NAT_1,299.44580743623686,140.27970765984463,159.17,36.1967,True,5,POP_1
45,SC,LBR_1,POP_1,204.54907825201911,235.17643684406235,30.63,6.9651,True,8,POP_1
45,SC,LIB_1,NAT_1,234.50265484359818,205.22286025248331,29.28,6.6587,True,9,POP_1
45,SC,LIB_1,POP_1,124.20008028664702,315.5254348094345,191.33,43.5102,True,4,POP_1
45,SC,NAT_1,POP_1,89.02623726202584,350.69927783405564,261.67,59.5083,True,3,POP_1
46,SD,CON_1,CUP_1,39.667058091355,45.101034120363465,5.43,6.4104,True,8,STY_1
46,SD,CON_1,LBR_1,45.450013404872536,39.31807880684595,6.13,7.2338,True,6,STY_1
46,SD,CON_1,NAT_1,71.46023203057668,13.307860181141809,58.15,68.6017,True,1,STY_1
46,SD,CON_1,STY_1,41.2060257478225,43.56206646389598,2.36,2.7794,True,10,STY_1
46,SD,CUP_1,LBR_1,43.67464115779775,41.09345105392073,2.58,3.045,True,9,STY_1
46,SD,CUP_1,NAT_1,65.32311675351885,19.444975458199632,45.88,54.1219,True,3,STY_1
46,SD,CUP_1,STY_1,39.35926711706768,45.4088250946508,6.05,7.1366,True,7,STY_1
46,SD,LBR_1,NAT_1,58.83699179712444,25.931100414594038,32.91,38.8187,True,4,STY_1
46,SD,LBR_1,STY_1,28.416831539167237,56.351260672551255,27.93,32.9539,True,5,STY_1
46,SD,NAT_1,STY_1,19.23365058467636,65.53444162704211,46.3,54.6205,True,2,STY_1
47,TN,CON_1,CON_2,702.2550219606682,0.0,702.26,100.0,True,1,CON_1
47,TN,CON_1,CUP_1,457.18405165034295,245.0709703103252,212.11,30.2046,True,7,CON_1
47,TN,CON_1,LBR_1,470.33410681331964,231.92091514734852,238.41,33.9497,True,5,CON_1
47,TN,CON_1,NAT_1,566.1822011096338,136.07282085103435,430.11,61.2469,True,2,CON_1
47,TN,CON_2,CUP_1,457.18405165034295,245.0709703103252,212.11,30.2046,True,8,CON_1
47,TN,CON_2,LBR_1,470.33410681331964,231.92091514734852,238.41,33.9497,True,6,CON_1
47,TN,CON_2,NAT_1,566.1822011096338,136.07282085103435,430.11,61.2469,True,3,CON_1
47,TN,CUP_1,LBR_1,400.53630191931256,301.7187200413556,98.82,14.0715,True,10,CON_1
47,TN,CUP_1,NAT_1,481.52095661820306,220.73406534246516,260.79,37.1356,True,4,CON_1
47,TN,LBR_1,NAT_1,439.5515388458432,262.7034831148249,176.85,25.1829,True,9,CON_1
48,TX,CON_1,CUP_1,1102.2350378946094,979.5747410993927,122.66,5.892,True,9,STY_1
48,TX,CON_1,LBR_1,1062.3584405796614,1019.4513384143406,42.91,2.061,True,10,STY_1
48,TX,CON_1,NAT_1,1834.9750790431565,246.83469995084545,1588.14,76.2865,True,1,STY_1
48,TX,CON_1,STY_1,956.764787527331,1125.0449914666708,168.28,8.0834,True,8,STY_1
48,TX,CUP_1,LBR_1,950.9044252366755,1130.9053537573266,180.0,8.6464,True,7,STY_1
48,TX,CUP_1,NAT_1,1604.301708188964,477.50807080503785,1126.79,54.1257,True,3,STY_1
48,TX,CUP_1,STY_1,827.6778554980804,1254.1319234959217,426.45,20.4848,True,6,STY_1
48,TX,LBR_1,NAT_1,1504.9119898954905,576.8977890985115,928.01,44.5773,True,4,STY_1
48,TX,LBR_1,STY_1,794.1508404892127,1287.6589385047891,493.51,23.7057,True,5,STY_1
48,TX,NAT_1,STY_1,393.9723284824463,1687.8374505115557,1293.87,62.151,True,2,STY_1
49,UT,CON_1,LBR_1,121.74778074879995,148.78092939493945,27.03,9.9927,True,9,STY_1
49,UT,CON_1,LIB_1,160.52864266293506,110.00006748080432,50.53,18.6777,True,7,STY_1
49,UT,CON_1,POP_1,94.71328971616799,175.81542042757138,81.1,29.9791,True,4,STY_1
49,UT,CON_1,STY_1,101.79902148245108,168.72968866128832,66.93,24.7407,True,5,STY_1
49,UT,LBR_1,LIB_1,235.74469722087824,34.78401292286118,200.96,74.2844,True,1,STY_1
49,UT,LBR_1,POP_1,141.27731252757525,129.25139761616416,12.03,4.4453,True,10,STY_1
49,UT,LBR_1,STY_1,117.5505627294048,152.97814741433461,35.43,13.0957,True,8,STY_1
49,UT,LIB_1,POP_1,87.59321900169968,182.93549114203975,95.34,35.2429,True,3,STY_1
49,UT,LIB_1,STY_1,52.22014970936815,218.30856043437126,166.09,61.394,True,2,STY_1
49,UT,POP_1,STY_1,102.32221911830739,168.20649102543203,65.88,24.3539,True,6,STY_1
50,VT,CON_1,LBR_1,22.75962308068404,49.68968599928846,26.93,37.1709,True,3,LBR_1
50,VT,CON_1,LIB_1,26.711581336608667,45.737727743363834,19.03,26.2613,True,6,LBR_1
50,VT,CON_1,OAO_1,63.54804631275841,8.901262767214098,54.65,75.4276,True,1,LBR_1
50,VT,CON_1,PRG_1,36.659678191563636,35.78963088840887,0.87,1.2009,True,10,LBR_1
50,VT,LBR_1,LIB_1,38.17961431161208,34.26969476836043,3.91,5.3968,True,9,LBR_1
50,VT,LBR_1,OAO_1,55.77343166218884,16.675877417783667,39.1,53.9654,True,2,LBR_1
50,VT,LBR_1,PRG_1,47.878070717589196,24.5712383623833,23.31,32.1698,True,5,LBR_1
50,VT,LIB_1,OAO_1,45.70991178908829,26.739397290884213,18.97,26.1845,True,7,LBR_1
50,VT,LIB_1,PRG_1,48.28487257135508,24.164436508617424,24.12,33.2928,True,4,LBR_1
50,VT,OAO_1,PRG_1,33.864153789576086,38.58515529039641,4.72,6.5163,True,8,LBR_1
51,VA,CON_1,LBR_1,388.96032271560404,435.19783179164835,46.24,5.6103,True,9,STY_1
51,VA,CON_1,LIB_1,459.1698646422934,364.988289864959,94.18,11.4276,True,8,STY_1
51,VA,CON_1,NAT_1,719.1044169602178,105.05373754703454,614.05,74.5064,True,1,STY_1
51,VA,CON_1,STY_1,356.5197736766994,467.63838083055305,111.12,13.4827,True,7,STY_1
51,VA,LBR_1,LIB_1,636.6995787035155,187.45857580373686,449.24,54.5091,True,3,STY_1
51,VA,LBR_1,NAT_1,597.5107053302703,226.6474491769821,370.86,44.999,True,4,STY_1
51,VA,LBR_1,STY_1,403.08268122446924,421.07547328278315,17.99,2.1832,True,10,STY_1
51,VA,LIB_1,NAT_1,522.826947100969,301.33120740628334,221.5,26.8754,True,6,STY_1
51,VA,LIB_1,STY_1,244.1096755913755,580.048478915877,335.94,40.7614,True,5,STY_1
51,VA,NAT_1,STY_1,154.06951862204915,670.0886358852032,516.02,62.6117,True,2,STY_1
53,WA,CON_1,LBR_1,287.3614238766294,488.6022252542248,201.24,25.9343,True,7,LBR_1
53,WA,CON_1,LIB_1,364.5517321903009,411.4119169405532,46.86,6.039,True,10,LBR_1
53,WA,CON_1,POP_1,244.83697620977858,531.1266729210756,286.29,36.8947,True,5,LBR_1
53,WA,CON_1,PRG_1,477.07622425807256,298.88742487278165,178.19,22.9635,True,8,LBR_1
53,WA,LBR_1,LIB_1,531.2609515336553,244.70269759719892,286.56,36.9293,True,4,LBR_1
53,WA,LBR_1,POP_1,523.5030491418033,252.46059998905088,271.04,34.9298,True,6,LBR_1
53,WA,LBR_1,PRG_1,651.7165268484418,124.24712228241229,527.47,67.976,True,2,LBR_1
53,WA,LIB_1,POP_1,361.86975425180134,414.0938948790529,52.22,6.7302,True,9,LBR_1
53,WA,LIB_1,PRG_1,662.1738012453899,113.78984788546424,548.38,70.6713,True,1,LBR_1
53,WA,POP_1,PRG_1,543.3472172229276,232.6164319079266,310.73,40.0445,True,3,LBR_1
54,WV,CON_1,CUP_1,125.05148855958113,84.18471716793285,40.87,19.5314,True,2,STY_1
54,WV,CON_1,LBR_1,118.6336753134882,90.60253041402578,28.03,13.3969,True,5,STY_1
54,WV,CON_1,POP_1,105.21205447322258,104.02415125429138,1.19,0.5677,True,10,STY_1
54,WV,CON_1,STY_1,102.32336088576855,106.91284484174543,4.59,2.1934,True,8,STY_1
54,WV,CUP_1,LBR_1,99.61716206920367,109.6190436583103,10.0,4.7802,True,7,STY_1
54,WV,CUP_1,POP_1,105.48290880410411,103.75329692340986,1.73,0.8266,False,9,STY_1
54,WV,CUP_1,STY_1,96.7734745690622,112.46273115845179,15.69,7.4983,True,6,STY_1
54,WV,LBR_1,POP_1,88.24708243646937,120.9891232910446,32.74,15.6484,True,3,STY_1
54,WV,LBR_1,STY_1,60.54578145216703,148.69042427534694,88.14,42.1269,True,1,STY_1
54,WV,POP_1,STY_1,90.47658506996626,118.75962065754773,28.28,13.5173,True,4,STY_1
55,WI,CON_1,CON_2,604.9878684822456,0.0,604.99,100.0,True,1,LBR_1
55,WI,CON_1,LBR_1,286.7717994135687,318.2160690686768,31.44,5.1975,True,8,LBR_1
55,WI,CON_1,LIB_1,375.4848511460067,229.50301733623886,145.98,24.1297,True,4,LBR_1
55,WI,CON_1,POP_1,250.51591517003666,354.4719533122089,103.96,17.1832,True,6,LBR_1
55,WI,CON_2,LBR_1,286.7717994135687,318.2160690686768,31.44,5.1975,True,9,LBR_1
55,WI,CON_2,LIB_1,375.4848511460067,229.50301733623886,145.98,24.1297,True,5,LBR_1
55,WI,CON_2,POP_1,250.51591517003666,354.4719533122089,103.96,17.1832,True,7,LBR_1
55,WI,LBR_1,LIB_1,469.2751160990547,135.71275238319086,333.56,55.1354,True,2,LBR_1
55,WI,LBR_1,POP_1,315.3325721852564,289.6552962969891,25.68,4.2443,True,10,LBR_1
55,WI,LIB_1,POP_1,209.19344041099498,395.79442807125054,186.6,30.8438,True,3,LBR_1
56,WY,CON_1,CON_2,60.58236325629753,0.0,60.58,100.0,True,1,CON_1
56,WY,CON_1,CUP_1,32.193092220688065,28.38927103560947,3.8,6.2788,True,7,CON_1
56,WY,CON_1,LIB_1,41.403391904925094,19.17897135137245,22.22,36.6846,True,4,CON_1
56,WY,CON_1,POP_1,29.427714387437817,31.154648868859724,1.73,2.8506,False,9,CON_1
56,WY,CON_2,CUP_1,32.193092220688065,28.38927103560947,3.8,6.2788,True,8,CON_1
56,WY,CON_2,LIB_1,41.403391904925094,19.17897135137245,22.22,36.6846,True,5,CON_1
56,WY,CON_2,POP_1,29.427714387437817,31.154648868859724,1.73,2.8506,False,10,CON_1
56,WY,CUP_1,LIB_1,45.53554287130364,15.046820384993898,30.49,50.3261,True,2,CON_1
56,WY,CUP_1,POP_1,35.16032008740954,25.422043168887996,9.74,16.0744,True,6,CON_1
56,WY,LIB_1,POP_1,15.261580788370138,45.3207824679274,30.06,49.6171,True,3,CON_1
