state_fips,state_abbr,senator_code,senator_label,senator_party,senator_type,primary_cluster,secondary_cluster,total_weighted_respondents,n_candidates_in_race,n_finalists,finalist_CON_1_pct,finalist_CON_2_pct,finalist_LBR_1_pct,finalist_NAT_1_pct,finalist_POP_1_pct,finalist_CUP_1_pct,finalist_LBR_2_pct,finalist_LIB_1_pct,finalist_OAO_1_pct,finalist_LIB_2_pct,finalist_PRG_1_pct
1,AL,CON_1,CON_1,CON,pure,0,,435.63,16,5,35.8432,0.0,34.3794,15.3628,14.4147,,,,,,
2,AK,LBR_1,LBR_1,LBR,pure,1,,77.69,17,5,32.5042,,33.8731,,,18.2391,0.0,15.3836,,,
4,AZ,POP_1,POP_1,POP,pure,5,,746.51,20,5,23.3019,,24.6531,18.5966,14.2413,,,19.2071,,,
5,AR,POP_1,POP_1,POP,pure,5,,256.4,20,5,36.2853,,26.9381,,13.6652,11.4923,,11.6191,,,
6,CA,LBR_1,LBR_1,LBR,pure,1,,2465.3,19,5,22.2041,,29.8549,,21.0687,,0.0,26.8723,,,
8,CO,LBR_1,LBR_1,LBR,pure,1,,537.49,19,5,26.111,,23.7509,9.7229,13.2646,,,27.1505,,,
9,CT,LBR_1,LBR_1,LBR,pure,1,,317.18,20,5,24.9884,,19.8982,,16.9373,7.8375,,30.3386,,,
10,DE,LBR_1,LBR_1,LBR,pure,1,,137.71,18,5,37.9936,0.0,30.0231,,,,,17.5039,14.4794,,
11,DC,LBR_1,LBR_1,LBR,pure,1,,78.06,17,5,,,31.2719,,22.0278,,,32.1993,,0.0,14.501
12,FL,LBR_1,LBR_1,LBR,pure,1,,1915.25,20,5,33.2553,,26.1073,,12.9067,14.699,,13.0316,,,
13,GA,LBR_1,LBR_1,LBR,pure,1,,904.3,17,5,33.3571,,24.3064,,11.8369,13.139,,17.3606,,,
15,HI,LBR_1,LBR_1,LBR,pure,1,,131.26,18,5,29.3704,,28.9961,,12.9285,,0.0,28.7051,,,
16,ID,POP_1,POP_1,POP,pure,5,,207.03,18,5,26.3353,,21.3297,16.2562,21.3057,,,14.7731,,,
17,IL,LBR_1,LBR_1,LBR,pure,1,,939.48,20,5,27.4226,,21.8928,,12.545,13.7373,,24.4024,,,
18,IN,CUP_1,CUP_1,CUP,pure,6,,622.9,19,5,36.9971,,21.5413,,11.5058,13.1219,,16.834,,,
19,IA,CON_1,CON_1,CON,pure,0,,280.31,20,5,28.7447,,24.5448,15.826,,16.5133,,14.3712,,,
20,KS,LBR_1,LBR_1,LBR,pure,1,,235.14,17,5,36.6282,,19.417,,12.857,8.7118,,22.386,,,
21,KY,CON_1,CON_1,CON,pure,0,,438.79,19,5,24.9845,,31.9701,14.5914,13.6369,14.8171,,,,,
22,LA,CON_1,CON_1,CON,pure,0,,311.37,16,5,24.4088,,25.8139,17.4882,13.7466,18.5426,,,,,
23,ME,LBR_1,LBR_1,LBR,pure,1,,157.39,22,5,24.4731,,21.9032,,19.425,,,23.8475,,,10.3512
24,MD,LBR_1,LBR_1,LBR,pure,1,,493.86,19,5,25.4846,,29.724,,17.2428,,0.0,27.5486,,,
25,MA,LBR_1,LBR_1,LBR,pure,1,,515.39,21,5,28.5596,,27.3247,,11.348,,,19.5112,,,13.2565
26,MI,CON_1,CON_1,CON,pure,0,,857.62,18,5,29.8033,,23.3065,16.4194,,9.8842,,20.5866,,,
27,MN,LBR_1,LBR_1,LBR,pure,1,,472.71,21,5,26.8641,,17.9011,,19.3239,,,20.7798,,,15.1311
28,MS,CON_1,CON_1,CON,pure,0,,254.08,16,5,36.3869,,31.9344,,18.6384,,0.0,,13.0403,,
29,MO,POP_1,POP_1,POP,pure,5,,585.51,18,5,37.1601,,25.4692,,13.6745,9.2936,,14.4026,,,
30,MT,CON_1,CON_1,CON,pure,0,,165.36,19,5,20.9552,,22.76,24.5322,,10.4611,,21.2916,,,
31,NE,LBR_1,LBR_1,LBR,pure,1,,180.44,19,5,27.8414,,26.8535,,17.191,13.4213,,14.6928,,,
32,NV,LBR_1,LBR_1,LBR,pure,1,,442.42,18,5,30.0532,,26.0289,,19.2425,,,19.3309,5.3444,,
33,NH,LBR_1,LBR_1,LBR,pure,1,,171.37,20,5,21.874,,36.152,,,13.5507,,,13.882,,14.5413
34,NJ,LBR_1,LBR_1,LBR,pure,1,,750.23,20,5,24.8838,,22.0625,,15.4095,10.1698,,27.4745,,,
35,NM,LBR_1,LBR_1,LBR,pure,1,,252.13,18,5,28.6349,,34.5703,,16.8505,,0.0,19.9443,,,
36,NY,LBR_1,LBR_1,LBR,pure,1,,1464.93,20,5,22.8196,,27.3485,,16.5464,,,23.1194,10.166,,
37,NC,POP_1,POP_1,POP,pure,5,,917.53,20,5,34.8221,,21.0208,,15.2274,9.8046,,19.1251,,,
38,ND,CUP_1,CUP_1,CUP,pure,6,,69.42,20,5,30.1968,,21.7412,,14.847,15.2489,,17.9662,,,
39,OH,CON_1,CON_1,CON,pure,0,,1080.41,19,5,36.8076,,20.7287,,13.7561,12.5167,,16.1908,,,
40,OK,CON_1,CON_1,CON,pure,0,,380.61,20,5,25.2955,,28.9109,18.7408,11.3604,15.6924,,,,,
41,OR,LBR_1,LBR_1,LBR,pure,1,,579.52,21,5,22.1949,,24.2904,17.3281,,,,18.1851,,,18.0015
42,PA,LBR_1,LBR_1,LBR,pure,1,,1418.49,20,5,28.2041,,23.6525,10.7364,10.3027,,,27.1042,,,
44,RI,LBR_1,LBR_1,LBR,pure,1,,105.27,21,5,26.7824,,25.6846,,14.4447,,,21.6453,,,11.443
45,SC,POP_1,POP_1,POP,pure,5,,451.58,18,5,29.0586,,29.5325,14.4144,12.9862,,,14.0083,,,
46,SD,CUP_1,CUP_1,CUP,pure,6,,87.0,19,5,20.7235,,30.5801,15.615,14.9897,18.0917,,,,,
47,TN,CON_1,CON_1,CON,pure,0,,720.06,17,5,39.1086,0.0,26.3635,19.3009,,15.227,,,,,
48,TX,POP_1,POP_1,POP,pure,5,,2138.97,19,5,34.2858,,26.8375,,12.2943,14.5486,,12.0338,,,
49,UT,LBR_1,LBR_1,LBR,pure,1,,278.26,19,5,26.9636,,32.546,,17.5959,10.4076,,12.487,,,
50,VT,LBR_1,LBR_1,LBR,pure,1,,74.07,21,5,23.1595,,21.5196,,,,,14.2741,9.7282,,31.3186
51,VA,LBR_1,LBR_1,LBR,pure,1,,845.94,19,5,26.6879,,26.8976,12.4728,11.4319,,,22.5097,,,
53,WA,LBR_1,LBR_1,LBR,pure,1,,795.28,20,5,22.4524,,28.4432,,17.0143,,,18.1671,,,13.923
54,WV,CON_1,CON_1,CON,pure,0,,215.12,18,5,34.4597,,31.0342,,13.4296,12.6156,,,8.4609,,
55,WI,LBR_1,LBR_1,LBR,pure,1,,620.71,20,5,35.6461,0.0,24.5623,,17.5285,,,22.2632,,,
56,WY,CON_1,CON_1,CON,pure,0,,62.26,19,5,41.1525,0.0,,,24.6148,12.1775,,22.0552,,,
