candidate_a,candidate_b,votes_a_beats_b,votes_b_beats_a,margin,margin_pct,lock_order,locked,rp_winner_overall,state_fips,state_abbr
CON_hi_pc,CON_lo_pc,165.46686658553148,290.8022585270004,125.34,27.4696,6,True,CON_lo_pc,1,AL
CON_hi_pc,LBR_lo_so,268.10772731892,188.1613977936119,79.95,17.5217,8,True,CON_lo_pc,1,AL
CON_hi_pc,NAT_lo_es,398.94382002103134,57.32530509150056,341.62,74.8722,1,True,CON_lo_pc,1,AL
CON_hi_pc,STY_hi_es,231.9654460254514,224.30367908708047,7.66,1.6792,10,True,CON_lo_pc,1,AL
CON_lo_pc,LBR_lo_so,284.27285722793454,171.99626788459736,112.28,24.6075,7,True,CON_lo_pc,1,AL
CON_lo_pc,NAT_lo_es,375.19394935582403,81.07517575670788,294.12,64.4617,2,True,CON_lo_pc,1,AL
CON_lo_pc,STY_hi_es,248.52507697860165,207.74404813393028,40.78,8.9379,9,True,CON_lo_pc,1,AL
LBR_lo_so,NAT_lo_es,312.18222018809433,144.08690492443765,168.1,36.8413,4,True,CON_lo_pc,1,AL
LBR_lo_so,STY_hi_es,146.8570418136698,309.4120832988621,162.56,35.627,5,True,CON_lo_pc,1,AL
NAT_lo_es,STY_hi_es,110.12658207676174,346.14254303577013,236.02,51.7274,3,True,CON_lo_pc,1,AL
CON_lo_es,CUP_hi_pc,30.355859718585414,50.926257957768335,20.57,25.3074,6,True,STY_lo_es,2,AK
CON_lo_es,LBR_lo_so,37.75967407152964,43.52244360482411,5.76,7.0898,9,True,STY_lo_es,2,AK
CON_lo_es,LIB,40.982469115620944,40.299648560732805,0.68,0.8401,10,True,STY_lo_es,2,AK
CON_lo_es,STY_lo_es,30.196938318819797,51.08517935753395,20.89,25.6984,5,True,STY_lo_es,2,AK
CUP_hi_pc,LBR_lo_so,31.990653909168973,49.29146376718476,17.3,21.2849,8,True,STY_lo_es,2,AK
CUP_hi_pc,LIB,53.18204101159768,28.100076664756063,25.08,30.8579,4,True,STY_lo_es,2,AK
CUP_hi_pc,STY_lo_es,25.104993775563507,56.17712390079024,31.07,38.2275,3,True,STY_lo_es,2,AK
LBR_lo_so,LIB,68.21455134341322,13.067566332940546,55.15,67.8464,1,True,STY_lo_es,2,AK
LBR_lo_so,STY_lo_es,30.502026623370714,50.78009105298303,20.28,24.9478,7,True,STY_lo_es,2,AK
LIB,STY_lo_es,15.290487784406137,65.99162989194761,50.7,62.3767,2,True,STY_lo_es,2,AK
CON_hi_es,CON_hi_pc,561.3854437943648,212.08176435107677,349.3,45.1608,3,True,STY_lo_es,4,AZ
CON_hi_es,DSA_lo_es,529.5024359308535,243.96477221458815,285.54,36.9166,4,True,STY_lo_es,4,AZ
CON_hi_es,LBR_lo_es,397.2810165922225,376.18619155321915,21.09,2.7273,9,True,STY_lo_es,4,AZ
CON_hi_es,STY_lo_es,357.9786430228685,415.48856512257316,57.51,7.4353,8,True,STY_lo_es,4,AZ
CON_hi_pc,DSA_lo_es,518.9814134834121,254.48579466202955,264.5,34.1961,5,True,STY_lo_es,4,AZ
CON_hi_pc,LBR_lo_es,388.18394670034445,385.28326144509725,2.9,0.375,10,True,STY_lo_es,4,AZ
CON_hi_pc,STY_lo_es,340.8600103227031,432.6071978227386,91.75,11.8618,7,True,STY_lo_es,4,AZ
DSA_lo_es,LBR_lo_es,143.81124542030508,629.6559627251366,485.84,62.8139,1,True,STY_lo_es,4,AZ
DSA_lo_es,STY_lo_es,161.8297543036776,611.637453841764,449.81,58.1547,2,True,STY_lo_es,4,AZ
LBR_lo_es,STY_lo_es,289.40443952288126,484.06276862256044,194.66,25.167,6,True,STY_lo_es,4,AZ
CON_hi_pc,CON_lo_pc,98.08829827166792,168.60451366049077,70.52,26.441,1,True,STY_hi_pc,5,AR
CON_hi_pc,LBR_hi_so,121.07356505403844,145.61924687812024,24.55,9.2037,8,True,STY_hi_pc,5,AR
CON_hi_pc,POP_lo_es,120.27981135289289,146.41300057926583,26.13,9.799,6,True,STY_hi_pc,5,AR
CON_hi_pc,STY_hi_pc,109.32196566343953,157.37084626871916,48.05,18.0166,4,True,STY_hi_pc,5,AR
CON_lo_pc,LBR_hi_so,134.11743091230016,132.57538101985853,1.54,0.5782,10,False,STY_hi_pc,5,AR
CON_lo_pc,POP_lo_es,104.27920823179895,162.41360370035974,58.13,21.7983,2,True,STY_hi_pc,5,AR
CON_lo_pc,STY_hi_pc,120.89133459670202,145.80147733545667,24.91,9.3404,7,True,STY_hi_pc,5,AR
LBR_hi_so,POP_lo_es,137.88172548672242,128.81108644543627,9.07,3.4012,9,True,STY_hi_pc,5,AR
LBR_hi_so,STY_hi_pc,115.83479886788922,150.85801306426947,35.02,13.1324,5,True,STY_hi_pc,5,AR
POP_lo_es,STY_hi_pc,108.37208825993241,158.32072367222628,49.95,18.7289,3,True,STY_hi_pc,5,AR
CON_hi_pc,CON_lo_pc,645.206770378388,1918.9518766413184,1273.75,49.675,1,True,STY_lo_es,6,CA
CON_hi_pc,LBR_lo_so,964.7501282360943,1599.4085187836122,634.66,24.7511,6,True,STY_lo_es,6,CA
CON_hi_pc,LIB,1288.3562118626573,1275.802435157049,12.55,0.4896,10,True,STY_lo_es,6,CA
CON_hi_pc,STY_lo_es,740.2905874635549,1823.8680595561516,1083.58,42.2586,3,True,STY_lo_es,6,CA
CON_lo_pc,LBR_lo_so,1114.4447923293021,1449.7138546904043,335.27,13.0752,8,True,STY_lo_es,6,CA
CON_lo_pc,LIB,1388.6208654319387,1175.5377815877678,213.08,8.3101,9,True,STY_lo_es,6,CA
CON_lo_pc,STY_lo_es,946.3970465192873,1617.761600500419,671.36,26.1826,5,True,STY_lo_es,6,CA
LBR_lo_so,LIB,1870.9997350708197,693.1589119488865,1177.84,45.9348,2,True,STY_lo_es,6,CA
LBR_lo_so,STY_lo_es,1086.1636962268963,1477.9949507928102,391.83,15.2811,7,True,STY_lo_es,6,CA
LIB,STY_lo_es,770.1705446618382,1793.988102357868,1023.82,39.928,4,True,STY_lo_es,6,CA
CON_hi_pc,LBR_lo_so,250.006073310712,305.71291688159505,55.71,10.0243,9,True,STY_lo_es,8,CO
CON_hi_pc,LIB_lo_pc,288.41379100408733,267.3051991882197,21.11,3.7984,10,True,STY_lo_es,8,CO
CON_hi_pc,POP_hi_es,215.47458392859568,340.24440626371137,124.77,22.452,5,True,STY_lo_es,8,CO
CON_hi_pc,STY_lo_es,200.8261835598808,354.89280663242624,154.07,27.7238,4,True,STY_lo_es,8,CO
LBR_lo_so,LIB_lo_pc,420.51458863576084,135.2044015565462,285.31,51.3407,1,True,STY_lo_es,8,CO
LBR_lo_so,POP_hi_es,311.16946625535223,244.54952393695484,66.62,11.9881,8,True,STY_lo_es,8,CO
LBR_lo_so,STY_lo_es,237.147853966039,318.57113622626804,81.42,14.6519,7,True,STY_lo_es,8,CO
LIB_lo_pc,POP_hi_es,225.3412406616984,330.37774953060864,105.04,18.901,6,True,STY_lo_es,8,CO
LIB_lo_pc,STY_lo_es,167.76506277846346,387.9539274138436,220.19,39.6223,2,True,STY_lo_es,8,CO
POP_hi_es,STY_lo_es,186.08438389050286,369.6346063018042,183.55,33.0293,3,True,STY_lo_es,8,CO
CON_hi_es,CON_lo_pc,97.55502510584992,230.03516049530626,132.48,40.4408,1,True,LBR_hi_so,9,CT
CON_hi_es,LBR_hi_so,120.24486249872432,207.34532310243185,87.1,26.5882,4,True,LBR_hi_so,9,CT
CON_hi_es,LIB,166.41754611319323,161.17263948796295,5.24,1.6011,10,True,LBR_hi_so,9,CT
CON_hi_es,STY_lo_es,123.1017119710517,204.48847363010447,81.39,24.8441,5,True,LBR_hi_so,9,CT
CON_lo_pc,LBR_hi_so,133.19479638800632,194.39538921314988,61.2,18.6821,7,True,LBR_hi_so,9,CT
CON_lo_pc,LIB,174.42773953600334,153.16244606515284,21.27,6.4914,8,True,LBR_hi_so,9,CT
CON_lo_pc,STY_lo_es,133.08865595797766,194.50152964317851,61.41,18.7469,6,True,LBR_hi_so,9,CT
LBR_hi_so,LIB,229.25122401291245,98.33896158824373,130.91,39.9622,2,True,LBR_hi_so,9,CT
LBR_hi_so,STY_lo_es,167.42216676918872,160.16801883196746,7.25,2.2144,9,True,LBR_hi_so,9,CT
LIB,STY_lo_es,110.92375965141053,216.66642594974564,105.74,32.2789,3,True,LBR_hi_so,9,CT
CON_hi_pc,CON_lo_pc,33.342909023820084,109.4538313594329,76.11,53.3002,3,True,LBR_hi_so,10,DE
CON_hi_pc,LBR_hi_so,44.62180042737298,98.17493995588,53.55,37.5031,6,True,LBR_hi_so,10,DE
CON_hi_pc,LBR_lo_es,50.6766314341311,92.12010894912189,41.44,29.0227,8,True,LBR_hi_so,10,DE
CON_hi_pc,OAO,110.16401445566476,32.63272592758821,77.53,54.2949,2,True,LBR_hi_so,10,DE
CON_lo_pc,LBR_hi_so,65.70497755766057,77.09176282559241,11.39,7.9741,9,True,LBR_hi_so,10,DE
CON_lo_pc,LBR_lo_es,72.44625178477624,70.35048859847674,2.1,1.4677,10,True,LBR_hi_so,10,DE
CON_lo_pc,OAO,118.80883332506028,23.987907058192718,94.82,66.4027,1,True,LBR_hi_so,10,DE
LBR_hi_so,LBR_lo_es,95.76804646182748,47.028693921425536,48.74,34.132,7,True,LBR_hi_so,10,DE
LBR_hi_so,OAO,109.39337692513531,33.40336345811766,75.99,53.2155,4,True,LBR_hi_so,10,DE
LBR_lo_es,OAO,101.60720627484066,41.18953410841231,60.42,42.3103,5,True,LBR_hi_so,10,DE
LBR_lo_pc,LBR_lo_so,31.981242195059778,48.43030240638347,16.45,20.4561,8,True,LBR_lo_so,11,DC
LBR_lo_pc,LIB,45.90230225887272,34.50924234257052,11.39,14.1684,9,True,LBR_lo_so,11,DC
LBR_lo_pc,POP_lo_pc,61.49238403163772,18.919160569805534,42.57,52.9442,4,True,LBR_lo_so,11,DC
LBR_lo_pc,PRG,67.6046849688133,12.806859632629948,54.8,68.1467,2,True,LBR_lo_so,11,DC
LBR_lo_so,LIB,50.466606833070344,29.944937768372903,20.52,25.5208,7,True,LBR_lo_so,11,DC
LBR_lo_so,POP_lo_pc,60.92620307955578,19.48534152188747,41.44,51.536,5,True,LBR_lo_so,11,DC
LBR_lo_so,PRG,68.21680956150158,12.194735039941664,56.02,69.6692,1,True,LBR_lo_so,11,DC
LIB,POP_lo_pc,53.97410396232398,26.437440639119263,27.54,34.2447,6,True,LBR_lo_so,11,DC
LIB,PRG,62.660992621920414,17.75055197952283,44.91,55.8507,3,True,LBR_lo_so,11,DC
POP_lo_pc,PRG,45.88875171454753,34.522792886895715,11.37,14.1347,10,True,LBR_lo_so,11,DC
CON_hi_pc,CON_lo_pc,679.6242627010301,1323.0607528050045,643.44,32.1287,1,True,CON_lo_pc,12,FL
CON_hi_pc,CUP_lo_pc,997.4771729405768,1005.2078425654581,7.73,0.386,10,True,CON_lo_pc,12,FL
CON_hi_pc,LBR_lo_es,902.1950550228122,1100.4899604832226,198.29,9.9015,3,True,CON_lo_pc,12,FL
CON_hi_pc,STY_hi_es,904.2328011251741,1098.4522143808608,194.22,9.698,4,True,CON_lo_pc,12,FL
CON_lo_pc,CUP_lo_pc,1072.81305128553,929.871964220505,142.94,7.1375,5,True,CON_lo_pc,12,FL
CON_lo_pc,LBR_lo_es,1050.317459795834,952.3675557102008,97.95,4.8909,7,True,CON_lo_pc,12,FL
CON_lo_pc,STY_hi_es,963.2069373872849,1039.47807811875,76.27,3.8084,8,False,CON_lo_pc,12,FL
CUP_lo_pc,LBR_lo_es,991.1989334832674,1011.4860820227675,20.29,1.013,9,False,CON_lo_pc,12,FL
CUP_lo_pc,STY_hi_es,1052.9023690971032,949.7826464089317,103.12,5.1491,6,True,CON_lo_pc,12,FL
LBR_lo_es,STY_hi_es,884.1380627077062,1118.5469527983287,234.41,11.7047,2,True,CON_lo_pc,12,FL
CON_hi_pc,CON_lo_pc,301.2353588557153,640.7155348333386,339.48,36.0401,1,True,STY_lo_es,13,GA
CON_hi_pc,CUP_lo_pc,475.29780831382914,466.65308537522446,8.64,0.9177,10,False,STY_lo_es,13,GA
CON_hi_pc,LBR_hi_es,438.58766290545185,503.3632307836018,64.78,6.8767,7,True,STY_lo_es,13,GA
CON_hi_pc,STY_lo_es,337.79253434200166,604.158359347052,266.37,28.2781,2,True,STY_lo_es,13,GA
CON_lo_pc,CUP_lo_pc,528.6487083615566,413.302185327497,115.35,12.2455,5,True,STY_lo_es,13,GA
CON_lo_pc,LBR_hi_es,488.79001524008964,453.160878448964,35.63,3.7825,8,True,STY_lo_es,13,GA
CON_lo_pc,STY_lo_es,425.18395186378837,516.7669418252653,91.58,9.7227,6,True,STY_lo_es,13,GA
CUP_lo_pc,LBR_hi_es,484.7016929205105,457.24920076854323,27.45,2.9144,9,True,STY_lo_es,13,GA
CUP_lo_pc,STY_lo_es,341.99957537773133,599.9513183113223,257.95,27.3848,3,True,STY_lo_es,13,GA
LBR_hi_es,STY_lo_es,347.2794411434081,594.6714525456457,247.39,26.2638,4,True,STY_lo_es,13,GA
CON_hi_es,LBR_hi_so,39.69007788850567,95.90993641358692,56.22,41.4601,4,True,LBR_hi_so,15,HI
CON_hi_es,LBR_lo_so,49.49642537195887,86.10358893013372,36.61,26.9964,7,True,LBR_hi_so,15,HI
CON_hi_es,LIB,65.0672826235361,70.53273167855649,5.47,4.0306,9,True,LBR_hi_so,15,HI
CON_hi_es,POP_hi_es,59.594405775540885,76.00560852655174,16.41,12.1027,8,True,LBR_hi_so,15,HI
LBR_hi_so,LBR_lo_so,100.52149523513664,35.07851906695596,65.44,48.2618,1,True,LBR_hi_so,15,HI
LBR_hi_so,LIB,99.37798288063675,36.22203142145584,63.16,46.5752,2,True,LBR_hi_so,15,HI
LBR_hi_so,POP_hi_es,93.06183251393146,42.53818178816113,50.52,37.2593,5,True,LBR_hi_so,15,HI
LBR_lo_so,LIB,96.60952340444173,38.99049089765087,57.62,42.4919,3,True,LBR_hi_so,15,HI
LBR_lo_so,POP_hi_es,87.93029491669795,47.66971938539464,40.26,29.6907,6,True,LBR_hi_so,15,HI
LIB,POP_hi_es,67.66554618782145,67.93446811427116,0.27,0.1983,10,True,LBR_hi_so,15,HI
CON_hi_pc,CON_lo_es,105.83605525905139,108.84800104495656,3.01,1.403,10,True,POP_lo_es,16,ID
CON_hi_pc,LBR_lo_so,121.52447201031454,93.15958429369338,28.36,13.2124,8,True,POP_lo_es,16,ID
CON_hi_pc,LIB,142.84789251954084,71.83616378446709,71.01,33.0773,4,True,POP_lo_es,16,ID
CON_hi_pc,POP_lo_es,100.09446889029026,114.58958741371768,14.5,6.7518,9,True,POP_lo_es,16,ID
CON_lo_es,LBR_lo_so,128.8881569604984,85.79589934350952,43.09,20.0724,7,True,POP_lo_es,16,ID
CON_lo_es,LIB,144.79295517635833,69.89110112764962,74.9,34.8893,3,True,POP_lo_es,16,ID
CON_lo_es,POP_lo_es,84.52874938967945,130.1553069143285,45.63,21.2529,6,True,POP_lo_es,16,ID
LBR_lo_so,LIB,183.7105117443375,30.973544559670426,152.74,71.145,1,True,POP_lo_es,16,ID
LBR_lo_so,POP_lo_es,74.49307821855265,140.1909780854553,65.7,30.6021,5,True,POP_lo_es,16,ID
LIB,POP_lo_es,45.02239438398617,169.66166192002177,124.64,58.0571,2,True,POP_lo_es,16,ID
CON_hi_pc,CUP_lo_pc,412.3025436003977,561.0192254976181,148.72,15.2793,6,True,LBR_lo_so,17,IL
CON_hi_pc,LBR_lo_so,396.38718474251016,576.9345843555055,180.55,18.5496,5,True,LBR_lo_so,17,IL
CON_hi_pc,LIB_lo_pc,494.7083830195154,478.6133860785003,16.09,1.6536,10,True,LBR_lo_so,17,IL
CON_hi_pc,POP_lo_pc,333.94685872713904,639.3749103708767,305.43,31.38,2,True,LBR_lo_so,17,IL
CUP_lo_pc,LBR_lo_so,429.8502178012883,543.4715512967274,113.62,11.6736,7,True,LBR_lo_so,17,IL
CUP_lo_pc,LIB_lo_pc,621.6663489418219,351.65542015619394,270.01,27.7412,3,True,LBR_lo_so,17,IL
CUP_lo_pc,POP_lo_pc,498.1758234755514,475.1459456224643,23.03,2.3661,9,True,LBR_lo_so,17,IL
LBR_lo_so,LIB_lo_pc,730.1574249591833,243.1643441388324,486.99,50.0341,1,True,LBR_lo_so,17,IL
LBR_lo_so,POP_lo_pc,524.244927094644,449.0768420033717,75.17,7.7228,8,True,LBR_lo_so,17,IL
LIB_lo_pc,POP_lo_pc,375.8420061504214,597.4797629475943,221.64,22.7713,4,True,LBR_lo_so,17,IL
CON_hi_pc,CON_lo_pc,254.90727882221069,392.8163634671499,137.91,21.2913,5,True,POP_lo_es,18,IN
CON_hi_pc,LBR_lo_so,345.79981315027453,301.9238291390861,43.88,6.7739,9,True,POP_lo_es,18,IN
CON_hi_pc,LIB,413.3741265599468,234.34951572941387,179.02,27.639,4,True,POP_lo_es,18,IN
CON_hi_pc,POP_lo_es,304.700038864997,343.0236034243636,38.32,5.9167,10,True,POP_lo_es,18,IN
CON_lo_pc,LBR_lo_so,374.53626385057555,273.1873784387851,101.35,15.6469,7,True,POP_lo_es,18,IN
CON_lo_pc,LIB,430.35463651914074,217.36900577021987,212.99,32.8822,3,True,POP_lo_es,18,IN
CON_lo_pc,POP_lo_es,271.6662909984178,376.0573512909428,104.39,16.1166,6,True,POP_lo_es,18,IN
LBR_lo_so,LIB,524.5027654365625,123.22087685279817,401.28,61.9526,1,True,POP_lo_es,18,IN
LBR_lo_so,POP_lo_es,276.44435311152415,371.2792891778364,94.83,14.6413,8,True,POP_lo_es,18,IN
LIB,POP_lo_es,190.23188311224456,457.491759177116,267.26,41.2614,2,True,POP_lo_es,18,IN
CON_lo_es,CUP_hi_pc,135.10735925393368,156.25076706827224,21.14,7.2568,6,True,CUP_hi_pc,19,IA
CON_lo_es,LBR_lo_es,147.83185982085774,143.52626650134818,4.31,1.4778,10,True,CUP_hi_pc,19,IA
CON_lo_es,NAT_lo_es,241.59297410597523,49.765152216230675,191.83,65.8392,1,True,CUP_hi_pc,19,IA
CON_lo_es,POP_lo_es,143.5254047198553,147.8327216023506,4.31,1.4784,9,True,CUP_hi_pc,19,IA
CUP_hi_pc,LBR_lo_es,138.32919722704216,153.02892909516373,14.7,5.0452,8,False,CUP_hi_pc,19,IA
CUP_hi_pc,NAT_lo_es,213.60989552953743,77.74823079266848,135.86,46.6305,3,True,CUP_hi_pc,19,IA
CUP_hi_pc,POP_lo_es,183.02508408048544,108.33304224172048,74.69,25.6358,5,True,CUP_hi_pc,19,IA
LBR_lo_es,NAT_lo_es,186.82675254837193,104.53137377383396,82.3,28.2454,4,True,CUP_hi_pc,19,IA
LBR_lo_es,POP_lo_es,136.198460062597,155.1596662596089,18.96,6.5079,7,True,CUP_hi_pc,19,IA
NAT_lo_es,POP_lo_es,69.26038251754184,222.09774380466405,152.84,52.4569,2,True,CUP_hi_pc,19,IA
CON_hi_pc,CON_lo_pc,85.50672093447726,158.77689672198994,73.27,29.9939,6,True,STY_lo_es,20,KS
CON_hi_pc,DSA_lo_es,158.8167707671617,85.46684688930543,73.35,30.0265,5,True,STY_lo_es,20,KS
CON_hi_pc,LIB,141.76134323665565,102.52227441981151,39.24,16.0629,8,True,STY_lo_es,20,KS
CON_hi_pc,STY_lo_es,102.56065238228733,141.7229652741798,39.16,16.0315,9,True,STY_lo_es,20,KS
CON_lo_pc,DSA_lo_es,162.85705830766648,81.42655934880071,81.43,33.3344,4,True,STY_lo_es,20,KS
CON_lo_pc,LIB,145.76361800675053,98.51999964971662,47.24,19.3397,7,True,STY_lo_es,20,KS
CON_lo_pc,STY_lo_es,114.06956579162431,130.21405186484284,16.14,6.6089,10,True,STY_lo_es,20,KS
DSA_lo_es,LIB,56.67052702715581,187.61309062931133,130.94,53.6027,3,True,STY_lo_es,20,KS
DSA_lo_es,STY_lo_es,45.17498664600375,199.1086310104634,153.93,63.0143,1,True,STY_lo_es,20,KS
LIB,STY_lo_es,56.372153289348056,187.91146436711912,131.54,53.847,2,True,STY_lo_es,20,KS
CON_hi_pc,CON_lo_pc,205.6419986521344,252.1138648920307,46.47,10.1521,7,True,POP_lo_es,21,KY
CON_hi_pc,LBR_lo_so,261.8408653806675,195.91499816349761,65.93,14.402,5,True,POP_lo_es,21,KY
CON_hi_pc,POP_lo_es,230.23438109742295,227.52148244674214,2.71,0.5927,10,False,POP_lo_es,21,KY
CON_hi_pc,STY_lo_es,203.97082361192693,253.78503993223813,49.81,10.8823,6,True,POP_lo_es,21,KY
CON_lo_pc,LBR_lo_so,273.80494846165846,183.95091508250667,89.85,19.6292,4,True,POP_lo_es,21,KY
CON_lo_pc,POP_lo_es,181.29890727301367,276.45695627115145,95.16,20.7879,3,True,POP_lo_es,21,KY
CON_lo_pc,STY_lo_es,239.44242991160218,218.31343363256292,21.13,4.6158,8,True,POP_lo_es,21,KY
LBR_lo_so,POP_lo_es,178.47601944529396,279.27984409887114,100.8,22.0213,2,True,POP_lo_es,21,KY
LBR_lo_so,STY_lo_es,125.30626658866322,332.4495969555019,207.14,45.2519,1,True,POP_lo_es,21,KY
POP_lo_es,STY_lo_es,224.7520105338633,233.00385301030178,8.25,1.8027,9,False,POP_lo_es,21,KY
CON_hi_pc,CON_lo_pc,125.53286403053248,199.36742137342424,73.83,22.7253,2,True,CON_lo_pc,22,LA
CON_hi_pc,CUP_lo_pc,179.9798384582382,144.9204469457185,35.06,10.7908,5,True,CON_lo_pc,22,LA
CON_hi_pc,LBR_lo_es,167.5299757083093,157.37030969564742,10.16,3.127,8,True,CON_lo_pc,22,LA
CON_hi_pc,STY_hi_es,157.99638487552076,166.90390052843594,8.91,2.7416,9,True,CON_lo_pc,22,LA
CON_lo_pc,CUP_lo_pc,187.50579032040548,137.39449508355125,50.11,15.4236,3,True,CON_lo_pc,22,LA
CON_lo_pc,LBR_lo_es,180.56197822245986,144.33830718149687,36.22,11.1492,4,True,CON_lo_pc,22,LA
CON_lo_pc,STY_hi_es,175.92436607804768,148.97591932590905,26.95,8.2944,6,True,CON_lo_pc,22,LA
CUP_lo_pc,LBR_lo_es,170.5338139972213,154.3664714067354,16.17,4.9761,7,True,CON_lo_pc,22,LA
CUP_lo_pc,STY_hi_es,164.15308385256077,160.74720155139596,3.41,1.0483,10,False,CON_lo_pc,22,LA
LBR_lo_es,STY_hi_es,124.3539034342254,200.54638196973133,76.19,23.451,1,True,CON_lo_pc,22,LA
CON_hi_pc,LBR_hi_so,59.6482338381018,103.16392629798992,43.52,26.7275,5,True,LBR_hi_so,23,ME
CON_hi_pc,LBR_lo_so,65.01466168977639,97.79749844631533,32.78,20.1354,6,True,LBR_hi_so,23,ME
CON_hi_pc,LIB,80.14445848015859,82.66770165593314,2.52,1.5498,10,True,LBR_hi_so,23,ME
CON_hi_pc,POP_lo_es,51.82372969636943,110.9884304397223,59.16,36.3392,3,True,LBR_hi_so,23,ME
LBR_hi_so,LBR_lo_so,112.22996099440834,50.58219914168336,61.65,37.8643,2,True,LBR_hi_so,23,ME
LBR_hi_so,LIB,121.97985311277381,40.832307023317924,81.15,49.8412,1,True,LBR_hi_so,23,ME
LBR_hi_so,POP_lo_es,97.00781758045784,65.80434255563387,31.2,19.1653,7,True,LBR_hi_so,23,ME
LBR_lo_so,LIB,109.06507866824063,53.74708146785109,55.32,33.9766,4,True,LBR_hi_so,23,ME
LBR_lo_so,POP_lo_es,91.96543305935938,70.84672707673235,21.12,12.9712,8,True,LBR_hi_so,23,ME
LIB,POP_lo_es,72.87072942407514,89.94143071201658,17.07,10.4849,9,True,LBR_hi_so,23,ME
CON_lo_es,LBR_hi_so,175.60709675316883,336.7567601757348,161.15,31.4522,5,True,LBR_hi_so,24,MD
CON_lo_es,LIB,272.157662622633,240.20619430627065,31.95,6.2361,9,True,LBR_hi_so,24,MD
CON_lo_es,POP_hi_es,184.43916921514855,327.92468771375513,143.49,28.0046,7,True,LBR_hi_so,24,MD
CON_lo_es,STY_lo_es,183.70623876649253,328.6576181624111,144.95,28.2907,6,True,LBR_hi_so,24,MD
LBR_hi_so,LIB,372.78793911407644,139.57591781482725,233.21,45.5169,2,True,LBR_hi_so,24,MD
LBR_hi_so,POP_hi_es,342.03902679273125,170.3248301361724,171.71,33.5141,4,True,LBR_hi_so,24,MD
LBR_hi_so,STY_lo_es,273.0643664974919,239.29949043141175,33.76,6.59,8,True,LBR_hi_so,24,MD
LIB,POP_hi_es,249.65265893049812,262.7111979984055,13.06,2.5487,10,True,LBR_hi_so,24,MD
LIB,STY_lo_es,158.54765421421084,353.81620271469285,195.27,38.1113,3,True,LBR_hi_so,24,MD
POP_hi_es,STY_lo_es,127.74997352326072,384.613883405643,256.86,50.1331,1,True,LBR_hi_so,24,MD
CON_hi_pc,CON_lo_pc,118.26690922222323,414.75591773463805,296.49,55.6241,1,True,LBR_hi_so,25,MA
CON_hi_pc,LBR_hi_so,166.52743219653945,366.49539476032186,199.97,37.5158,4,True,LBR_hi_so,25,MA
CON_hi_pc,LBR_lo_so,195.31749195942575,337.7053349974355,142.39,26.7133,6,True,LBR_hi_so,25,MA
CON_hi_pc,LIB_lo_pc,247.11124184360625,285.911585113255,38.8,7.2793,9,True,LBR_hi_so,25,MA
CON_lo_pc,LBR_hi_so,194.42386567009555,338.59896128676576,144.18,27.0486,5,True,LBR_hi_so,25,MA
CON_lo_pc,LBR_lo_so,222.16115770901186,310.8616692478495,88.7,16.641,8,True,LBR_hi_so,25,MA
CON_lo_pc,LIB_lo_pc,264.2092934320996,268.8135335247617,4.6,0.8638,10,True,LBR_hi_so,25,MA
LBR_hi_so,LBR_lo_so,326.6462905989812,206.37653635788007,120.27,22.5637,7,True,LBR_hi_so,25,MA
LBR_hi_so,LIB_lo_pc,376.4946395587359,156.52818739812534,219.97,41.2677,3,True,LBR_hi_so,25,MA
LBR_lo_so,LIB_lo_pc,384.75097846143893,148.2718484954224,236.48,44.3657,2,True,LBR_hi_so,25,MA
CON_hi_pc,CON_lo_pc,327.80974029990546,560.1008780894094,232.29,26.1615,5,True,POP_lo_es,26,MI
CON_hi_pc,LBR_lo_so,457.23465210029747,430.6759662890174,26.56,2.9911,10,True,POP_lo_es,26,MI
CON_hi_pc,LIB,542.7973710080821,345.1132473812329,197.68,22.264,6,True,POP_lo_es,26,MI
CON_hi_pc,POP_lo_es,386.53844192165843,501.3721764676565,114.83,12.933,8,True,POP_lo_es,26,MI
CON_lo_pc,LBR_lo_so,508.5663195816137,379.34429880770125,129.22,14.5535,7,True,POP_lo_es,26,MI
CON_lo_pc,LIB,564.070163142412,323.840455246903,240.23,27.0556,4,True,POP_lo_es,26,MI
CON_lo_pc,POP_lo_es,317.5107184181485,570.3998999711664,252.89,28.4814,3,True,POP_lo_es,26,MI
LBR_lo_so,LIB,698.2070465127712,189.70357187654378,508.5,57.2697,1,True,POP_lo_es,26,MI
LBR_lo_so,POP_lo_es,395.2145056256099,492.69611276370506,97.48,10.9788,9,True,POP_lo_es,26,MI
LIB,POP_lo_es,295.57602811563527,592.3345902736796,296.76,33.4221,2,True,POP_lo_es,26,MI
CON_lo_es,LBR_lo_so,233.44761068199563,254.24392694650183,20.8,4.2642,8,True,LBR_lo_so,27,MN
CON_lo_es,LIB_hi_pc,246.52209456444274,241.16944306405472,5.35,1.0975,10,False,LBR_lo_so,27,MN
CON_lo_es,POP_hi_es,185.89219046999318,301.79934715850425,115.91,23.7665,6,True,LBR_lo_so,27,MN
CON_lo_es,PRG,306.63650239958474,181.05503522891271,125.58,25.7502,5,True,LBR_lo_so,27,MN
LBR_lo_so,LIB_hi_pc,332.91735691788836,154.77418071060913,178.14,36.5278,3,True,LBR_lo_so,27,MN
LBR_lo_so,POP_hi_es,286.6688057415545,201.02273188694303,85.65,17.5615,7,True,LBR_lo_so,27,MN
LBR_lo_so,PRG,411.7007596596221,75.99077796887539,335.71,68.8365,2,True,LBR_lo_so,27,MN
LIB_hi_pc,POP_hi_es,249.89943297603452,237.79210465246297,12.11,2.4826,9,True,LBR_lo_so,27,MN
LIB_hi_pc,PRG,411.8452106425053,75.84632698599219,336.0,68.8958,1,True,LBR_lo_so,27,MN
POP_hi_es,PRG,323.9599499012249,163.73158772727263,160.23,32.8544,4,True,LBR_lo_so,27,MN
CON_hi_pc,CON_lo_pc,98.19686675193017,169.49013793694064,71.29,26.6331,3,True,STY_hi_pc,28,MS
CON_hi_pc,CUP_lo_pc,158.31106231180806,109.37594237706273,48.94,18.2807,6,True,STY_hi_pc,28,MS
CON_hi_pc,LBR_lo_so,133.32779827989512,134.3592064089757,1.03,0.3853,10,False,STY_hi_pc,28,MS
CON_hi_pc,STY_hi_pc,121.10150600668372,146.58549868218705,25.48,9.5201,7,True,STY_hi_pc,28,MS
CON_lo_pc,CUP_lo_pc,161.17850995003135,106.50849473883943,54.67,20.4231,5,True,STY_hi_pc,28,MS
CON_lo_pc,LBR_lo_so,161.98514525596383,105.70185943290697,56.28,21.0258,4,True,STY_hi_pc,28,MS
CON_lo_pc,STY_hi_pc,132.52775703915466,135.15924764971612,2.63,0.983,9,True,STY_hi_pc,28,MS
CUP_lo_pc,LBR_lo_so,135.79361621632992,131.8933884725409,3.9,1.457,8,True,STY_hi_pc,28,MS
CUP_lo_pc,STY_hi_pc,88.06117584420508,179.62582884466573,91.56,34.2059,2,True,STY_hi_pc,28,MS
LBR_lo_so,STY_hi_pc,74.59488187639327,193.09212281247756,118.5,44.2671,1,True,STY_hi_pc,28,MS
CON_hi_pc,CON_lo_pc,222.07626555259455,388.2699049315843,166.19,27.2294,6,True,STY_lo_es,29,MO
CON_hi_pc,LBR_hi_es,297.44966618327317,312.8965043009056,15.45,2.5308,10,True,STY_lo_es,29,MO
CON_hi_pc,LIB,389.8178088485895,220.5283616355893,169.29,27.7366,5,True,STY_lo_es,29,MO
CON_hi_pc,STY_lo_es,245.78028713554016,364.56588334863864,118.79,19.462,7,True,STY_lo_es,29,MO
CON_lo_pc,LBR_hi_es,327.3874550265573,282.9587154576215,44.43,7.2793,9,True,STY_lo_es,29,MO
CON_lo_pc,LIB,405.13380399531303,205.21236648886577,199.92,32.7554,3,True,STY_lo_es,29,MO
CON_lo_pc,STY_lo_es,282.88775035441233,327.45842012976647,44.57,7.3025,8,True,STY_lo_es,29,MO
LBR_hi_es,LIB,508.01608395173696,102.3300865324419,405.69,66.4682,2,True,STY_lo_es,29,MO
LBR_hi_es,STY_lo_es,210.0191613555907,400.3270091285881,190.31,31.1803,4,True,STY_lo_es,29,MO
LIB,STY_lo_es,102.09120912722844,508.2549613569504,406.16,66.5465,1,True,STY_lo_es,29,MO
CON_hi_pc,LBR_hi_so,84.24780779067353,87.02491523170926,2.78,1.6215,10,True,STY_hi_es,30,MT
CON_hi_pc,LIB_hi_pc,102.57652670574154,68.69619631664126,33.88,19.7815,6,True,STY_hi_es,30,MT
CON_hi_pc,NAT_lo_es,143.370114215145,27.902608807237783,115.47,67.4173,1,True,STY_hi_es,30,MT
CON_hi_pc,STY_hi_es,81.52464191190565,89.74808111047712,8.22,4.8014,8,True,STY_hi_es,30,MT
LBR_hi_so,LIB_hi_pc,135.24924265758148,36.02348036480131,99.23,57.9344,2,True,STY_hi_es,30,MT
LBR_hi_so,NAT_lo_es,106.47680402756095,64.79591899482185,41.68,24.336,5,True,STY_hi_es,30,MT
LBR_hi_so,STY_hi_es,72.32070492684483,98.95201809553797,26.63,15.5491,7,True,STY_hi_es,30,MT
LIB_hi_pc,NAT_lo_es,82.9654859938321,88.30723702855067,5.34,3.1189,9,True,STY_hi_es,30,MT
LIB_hi_pc,STY_hi_es,43.69299161318456,127.57973140919822,83.89,48.9785,3,True,STY_hi_es,30,MT
NAT_lo_es,STY_hi_es,57.79613261638295,113.47659040599984,55.68,32.5098,4,True,STY_hi_es,30,MT
CON_hi_pc,CON_lo_es,63.2192077624856,125.06710505331642,61.85,32.8478,3,True,STY_lo_es,31,NE
CON_hi_pc,LBR_hi_es,89.0195173125202,99.26679550328183,10.25,5.4424,9,True,STY_lo_es,31,NE
CON_hi_pc,LIB,117.57472966987127,70.71158314593075,46.86,24.8893,6,True,STY_lo_es,31,NE
CON_hi_pc,STY_lo_es,70.09089134347225,118.19542147232977,48.1,25.5486,5,True,STY_lo_es,31,NE
CON_lo_es,LBR_hi_es,91.79218124363864,96.49413157216338,4.7,2.4972,10,True,STY_lo_es,31,NE
CON_lo_es,LIB,116.60794541956103,71.67836739624099,44.93,23.8624,7,True,STY_lo_es,31,NE
CON_lo_es,STY_lo_es,76.83305739049139,111.4532554253106,34.62,18.387,8,True,STY_lo_es,31,NE
LBR_hi_es,LIB,157.76831332781995,30.517999487982113,127.25,67.5834,1,True,STY_lo_es,31,NE
LBR_hi_es,STY_lo_es,68.64480418579036,119.64150863001166,51.0,27.0847,4,True,STY_lo_es,31,NE
LIB,STY_lo_es,31.510237373082603,156.77607544271942,125.27,66.5294,2,True,STY_lo_es,31,NE
CON_hi_es,CON_lo_pc,183.771942095668,276.02595119459994,92.25,20.064,3,True,STY_lo_so,32,NV
CON_hi_es,LBR_lo_so,215.33495221440157,244.4629410758664,29.13,6.335,6,True,STY_lo_so,32,NV
CON_hi_es,LIB,267.9807182266856,191.8171750635824,76.16,16.5646,5,True,STY_lo_so,32,NV
CON_hi_es,STY_lo_so,220.45361609989828,239.34427719036972,18.89,4.1085,9,True,STY_lo_so,32,NV
CON_lo_pc,LBR_lo_so,237.97857701868884,221.81931627157914,16.16,3.5144,10,True,STY_lo_so,32,NV
CON_lo_pc,LIB,275.32275674345647,184.47513654681154,90.85,19.7582,4,True,STY_lo_so,32,NV
CON_lo_pc,STY_lo_so,217.87117526539822,241.92671802486976,24.06,5.2318,7,True,STY_lo_so,32,NV
LBR_lo_so,LIB,373.0736315478582,86.7242617424098,286.35,62.2772,1,True,STY_lo_so,32,NV
LBR_lo_so,STY_lo_so,220.02207585879333,239.77581743147462,19.75,4.2962,8,True,STY_lo_so,32,NV
LIB,STY_lo_so,127.12588738631024,332.6720059039577,205.55,44.7036,2,True,STY_lo_so,32,NV
CON_lo_es,DSA_lo_es,106.12588836544552,71.32290278121626,34.8,19.613,8,True,LBR_lo_es,33,NH
CON_lo_es,LBR_lo_es,68.73895399998761,108.70983714667416,39.97,22.5253,7,True,LBR_lo_es,33,NH
CON_lo_es,LIB,81.8796261639406,95.56916498272116,13.69,7.7146,10,True,LBR_lo_es,33,NH
CON_lo_es,POP_lo_es,53.85978556114185,123.58900558551993,69.73,39.2954,4,True,LBR_lo_es,33,NH
DSA_lo_es,LBR_lo_es,40.67855583284724,136.7702353138145,96.09,54.1518,1,True,LBR_lo_es,33,NH
DSA_lo_es,LIB,44.48254628674724,132.96624485991453,88.48,49.8644,3,True,LBR_lo_es,33,NH
DSA_lo_es,POP_lo_es,62.247338045626854,115.20145310103491,52.95,29.8419,6,True,LBR_lo_es,33,NH
LBR_lo_es,LIB,136.06840768243774,41.38038346422407,94.69,53.3608,2,True,LBR_lo_es,33,NH
LBR_lo_es,POP_lo_es,122.75986637462086,54.6889247720409,68.07,38.3609,5,True,LBR_lo_es,33,NH
LIB,POP_lo_es,77.51540133315278,99.93338981350898,22.42,12.6335,9,True,LBR_lo_es,33,NH
CON_hi_pc,CUP_lo_pc,329.4102441540424,447.3877323239499,117.98,15.1877,6,True,LBR_lo_so,34,NJ
CON_hi_pc,LBR_lo_so,336.81418248867885,439.98379398931354,103.17,13.2814,7,True,LBR_lo_so,34,NJ
CON_hi_pc,LIB,388.9013995756486,387.8965769023437,1.0,0.1294,9,True,LBR_lo_so,34,NJ
CON_hi_pc,POP_lo_pc,254.1895580239152,522.6084184540771,268.42,34.5545,2,True,LBR_lo_so,34,NJ
CUP_lo_pc,LBR_lo_so,316.7228834795952,460.07509299839717,143.35,18.4542,4,True,LBR_lo_so,34,NJ
CUP_lo_pc,LIB,475.0309627941598,301.7670136838325,173.26,22.3049,3,True,LBR_lo_so,34,NJ
CUP_lo_pc,POP_lo_pc,388.74266713795845,388.0553093400339,0.69,0.0885,10,True,LBR_lo_so,34,NJ
LBR_lo_so,LIB,553.0012001589376,223.7967763190546,329.2,42.3797,1,True,LBR_lo_so,34,NJ
LBR_lo_so,POP_lo_pc,405.900152844545,370.8978236334473,35.0,4.506,8,True,LBR_lo_so,34,NJ
LIB,POP_lo_pc,322.652650046488,454.14532643150426,131.49,16.9275,5,True,LBR_lo_so,34,NJ
CON_hi_pc,LBR_hi_so,90.18584789171659,172.80810284155794,82.62,31.416,5,True,LBR_hi_so,35,NM
CON_hi_pc,LBR_lo_pc,97.7359530500395,165.25799768323503,67.52,25.6744,7,True,LBR_hi_so,35,NM
CON_hi_pc,LIB_lo_pc,146.83363504487278,116.16031568840174,30.67,11.6631,9,True,LBR_hi_so,35,NM
CON_hi_pc,POP_lo_pc,80.84719556902931,182.14675516424518,101.3,38.5178,3,True,LBR_hi_so,35,NM
LBR_hi_so,LBR_lo_pc,170.2728455704601,92.72110516281438,77.55,29.488,6,True,LBR_hi_so,35,NM
LBR_hi_so,LIB_lo_pc,213.69868687586802,49.29526385740651,164.4,62.5122,2,True,LBR_hi_so,35,NM
LBR_hi_so,POP_lo_pc,153.346997351892,109.6469533813825,43.7,16.6164,8,True,LBR_hi_so,35,NM
LBR_lo_pc,LIB_lo_pc,215.01087536025753,47.983075373017016,167.03,63.5101,1,True,LBR_hi_so,35,NM
LBR_lo_pc,POP_lo_pc,136.80309970119532,126.1908510320792,10.61,4.0352,10,True,LBR_hi_so,35,NM
LIB_lo_pc,POP_lo_pc,89.16447325307823,173.8294774801963,84.67,32.1928,4,True,LBR_hi_so,35,NM
CON_lo_pc,LBR_hi_so,614.5490848771069,906.1519757775211,291.6,19.1756,8,True,LBR_hi_so,36,NY
CON_lo_pc,LBR_lo_es,670.0587670624044,850.6422935922237,180.58,11.875,9,True,LBR_hi_so,36,NY
CON_lo_pc,LIB,831.6178082302661,689.0832524243621,142.53,9.373,10,True,LBR_hi_so,36,NY
CON_lo_pc,POP_lo_es,535.7442792322693,984.9567814223589,449.21,29.5398,3,True,LBR_hi_so,36,NY
LBR_hi_so,LBR_lo_es,920.2367961653629,600.4642644892651,319.77,21.028,6,True,LBR_hi_so,36,NY
LBR_hi_so,LIB,1139.2811215594752,381.4199390951529,757.86,49.8363,2,True,LBR_hi_so,36,NY
LBR_hi_so,POP_lo_es,955.1416260385557,565.5594346160724,389.58,25.6186,4,True,LBR_hi_so,36,NY
LBR_lo_es,LIB,1184.1844845329892,336.51657612163893,847.67,55.7419,1,True,LBR_hi_so,36,NY
LBR_lo_es,POP_lo_es,929.7173017353643,590.9837589192639,338.73,22.2748,5,True,LBR_hi_so,36,NY
LIB,POP_lo_es,605.3281621613435,915.3728984932848,310.04,20.3883,7,True,LBR_hi_so,36,NY
CON_hi_pc,CON_lo_pc,321.04856379636885,632.1499411508398,311.1,32.6376,4,True,CON_lo_pc,37,NC
CON_hi_pc,LBR_lo_so,502.54610008600923,450.65240486119944,51.89,5.4442,9,True,CON_lo_pc,37,NC
CON_hi_pc,LIB_lo_pc,612.2728743462714,340.9256306009373,271.35,28.467,6,True,CON_lo_pc,37,NC
CON_hi_pc,STY_lo_es,374.61098992579446,578.5875150214142,203.98,21.3992,7,True,CON_lo_pc,37,NC
CON_lo_pc,LBR_lo_so,564.835821067192,388.3626838800167,176.47,18.5138,8,True,CON_lo_pc,37,NC
CON_lo_pc,LIB_lo_pc,628.324670833598,324.87383411361077,303.45,31.835,5,True,CON_lo_pc,37,NC
CON_lo_pc,STY_lo_es,477.108481607605,476.09002333960376,1.02,0.1068,10,True,CON_lo_pc,37,NC
LBR_lo_so,LIB_lo_pc,762.0301133425145,191.1683916046942,570.86,59.8891,1,True,CON_lo_pc,37,NC
LBR_lo_so,STY_lo_es,309.53365006201426,643.6648548851944,334.13,35.0537,3,True,CON_lo_pc,37,NC
LIB_lo_pc,STY_lo_es,195.56606403858643,757.6324409086224,562.07,58.9664,2,True,CON_lo_pc,37,NC
CON_hi_es,CUP_hi_pc,28.218879305385094,43.97530965367404,15.76,21.8251,2,True,POP_lo_es,38,ND
CON_hi_es,CUP_lo_pc,35.836163791830664,36.358025167228455,0.52,0.7229,10,True,POP_lo_es,38,ND
CON_hi_es,LBR_lo_pc,38.537011048708514,33.65717791035062,4.88,6.7593,6,False,POP_lo_es,38,ND
CON_hi_es,POP_lo_es,35.32117478261468,36.87301417644446,1.55,2.1495,8,True,POP_lo_es,38,ND
CUP_hi_pc,CUP_lo_pc,37.91171768747628,34.28247127158286,3.63,5.0271,7,False,POP_lo_es,38,ND
CUP_hi_pc,LBR_lo_pc,32.61053739474414,39.58365156431499,6.97,9.6588,4,True,POP_lo_es,38,ND
CUP_hi_pc,POP_lo_es,36.63945202754896,35.55473693151018,1.08,1.5025,9,False,POP_lo_es,38,ND
CUP_lo_pc,LBR_lo_pc,41.81287670888201,30.38131225017712,11.43,15.8345,3,True,POP_lo_es,38,ND
CUP_lo_pc,POP_lo_es,22.788946624388352,49.405242334670774,26.62,36.8676,1,True,POP_lo_es,38,ND
LBR_lo_pc,POP_lo_es,33.33791880302203,38.85627015603711,5.52,7.6438,5,True,POP_lo_es,38,ND
CON_lo_es,CUP_lo_pc,648.0176097795413,475.49366960555676,172.52,15.3558,5,True,POP_lo_pc,39,OH
CON_lo_es,LBR_hi_es,609.7378254581972,513.7734539269009,95.96,8.5415,8,True,POP_lo_pc,39,OH
CON_lo_es,NAT_lo_es,958.6198003121834,164.89147907291476,793.73,70.6471,1,True,POP_lo_pc,39,OH
CON_lo_es,POP_lo_pc,493.1433861892786,630.3678931958195,137.22,12.2139,7,True,POP_lo_pc,39,OH
CUP_lo_pc,LBR_hi_es,595.9966701542551,527.514609230843,68.48,6.0954,9,True,POP_lo_pc,39,OH
CUP_lo_pc,NAT_lo_es,808.2969715988945,315.2143077862036,493.08,43.8876,3,True,POP_lo_pc,39,OH
CUP_lo_pc,POP_lo_pc,543.659296496334,579.851982888764,36.19,3.2214,10,True,POP_lo_pc,39,OH
LBR_hi_es,NAT_lo_es,775.4230615762613,348.0882178088368,427.33,38.0357,4,True,POP_lo_pc,39,OH
LBR_hi_es,POP_lo_pc,476.3669800231585,647.1442993619396,170.78,15.2003,6,True,POP_lo_pc,39,OH
NAT_lo_es,POP_lo_pc,228.4902229242567,895.0210564608414,666.53,59.3257,2,True,POP_lo_pc,39,OH
CON_hi_pc,CON_lo_pc,171.993935124367,223.75600459205344,51.76,13.0795,6,True,CON_lo_pc,40,OK
CON_hi_pc,LIB_hi_pc,273.42408425496,122.32585546146043,151.1,38.1802,4,True,CON_lo_pc,40,OK
CON_hi_pc,POP_hi_pc,220.56735421204985,175.18258550437056,45.38,11.468,7,True,CON_lo_pc,40,OK
CON_hi_pc,STY_lo_es,175.32852201766698,220.42141769875343,45.09,11.3943,8,True,CON_lo_pc,40,OK
CON_lo_pc,LIB_hi_pc,280.1650218174975,115.58491789892288,164.58,41.5869,3,True,CON_lo_pc,40,OK
CON_lo_pc,POP_hi_pc,189.6443904213595,206.10554929506094,16.46,4.1595,9,False,CON_lo_pc,40,OK
CON_lo_pc,STY_lo_es,204.1993461516521,191.5505935647683,12.65,3.1961,10,True,CON_lo_pc,40,OK
LIB_hi_pc,POP_hi_pc,105.19125602266755,290.55868369375287,185.37,46.8395,2,True,CON_lo_pc,40,OK
LIB_hi_pc,STY_lo_es,59.33064085368305,336.4192988627374,277.09,70.0161,1,True,CON_lo_pc,40,OK
POP_hi_pc,STY_lo_es,159.581017711129,236.1689220052914,76.59,19.3526,5,True,CON_lo_pc,40,OK
CON_hi_pc,LBR_lo_es,228.8367487716987,368.3222505198189,139.49,23.3582,6,True,LBR_lo_es,41,OR
CON_hi_pc,LBR_lo_so,235.04062005706083,362.11837923445677,127.08,21.2804,8,True,LBR_lo_es,41,OR
CON_hi_pc,NAT_hi_es,517.4352137283012,79.72378556321645,437.71,73.299,1,True,LBR_lo_es,41,OR
CON_hi_pc,PRG,367.1749211579381,229.98407813357943,137.19,22.9739,7,True,LBR_lo_es,41,OR
LBR_lo_es,LBR_lo_so,329.51499563816645,267.64400365335115,61.87,10.3609,10,True,LBR_lo_es,41,OR
LBR_lo_es,NAT_hi_es,436.02839676515845,161.13060252635916,274.9,46.0343,4,True,LBR_lo_es,41,OR
LBR_lo_es,PRG,486.5189911360915,110.64000815542612,375.88,62.9445,2,True,LBR_lo_es,41,OR
LBR_lo_so,NAT_hi_es,433.7605649682096,163.39843432330795,270.36,45.2747,5,True,LBR_lo_es,41,OR
LBR_lo_so,PRG,481.6401351298454,115.5188641616721,366.12,61.3105,3,True,LBR_lo_es,41,OR
NAT_hi_es,PRG,251.80834458373164,345.35065470778596,93.54,15.6646,9,True,LBR_lo_es,41,OR
CON_hi_pc,CON_lo_pc,426.04602318790364,1041.8019252823697,615.76,41.9496,4,True,LBR_hi_so,42,PA
CON_hi_pc,LBR_hi_so,597.8285856665244,870.0193628037489,272.19,18.5435,6,True,LBR_hi_so,42,PA
CON_hi_pc,LBR_lo_so,682.9156270721408,784.9323213981324,102.02,6.9501,8,True,LBR_hi_so,42,PA
CON_hi_pc,LIB,826.7775083221766,641.0704401480966,185.71,12.6517,7,True,LBR_hi_so,42,PA
CON_lo_pc,LBR_hi_so,702.4633933485279,765.3845551217453,62.92,4.2866,10,True,LBR_hi_so,42,PA
CON_lo_pc,LBR_lo_so,769.9081515830737,697.9397968871995,71.97,4.903,9,True,LBR_hi_so,42,PA
CON_lo_pc,LIB,874.8225224857696,593.0254259845036,281.8,19.198,5,True,LBR_hi_so,42,PA
LBR_hi_so,LBR_lo_so,1044.5032478473704,423.3447006229028,621.16,42.3176,3,True,LBR_hi_so,42,PA
LBR_hi_so,LIB,1090.4877295559959,377.3602189142773,713.13,48.5832,1,True,LBR_hi_so,42,PA
LBR_lo_so,LIB,1089.2971920189102,378.550756451363,710.75,48.421,2,True,LBR_hi_so,42,PA
CON_lo_pc,DSA_lo_es,66.24047349316906,42.742050340418814,23.5,21.5616,8,True,LBR_hi_so,44,RI
CON_lo_pc,LBR_hi_so,36.94603093780583,72.03649289578205,35.09,32.1982,7,True,LBR_hi_so,44,RI
CON_lo_pc,LIB_lo_pc,50.91516446903508,58.06735936455281,7.15,6.5627,10,True,LBR_hi_so,44,RI
CON_lo_pc,POP_lo_pc,34.788091508523436,74.19443232506445,39.41,36.1584,5,True,LBR_hi_so,44,RI
DSA_lo_es,LBR_hi_so,23.736278086457908,85.24624574712998,61.51,56.4402,1,True,LBR_hi_so,44,RI
DSA_lo_es,LIB_lo_pc,24.1987456039788,84.78377822960908,60.59,55.5915,2,True,LBR_hi_so,44,RI
DSA_lo_es,POP_lo_pc,36.896954023944296,72.0855698096436,35.19,32.2883,6,True,LBR_hi_so,44,RI
LBR_hi_so,LIB_lo_pc,75.20573065629819,33.77679317728971,41.43,38.0143,4,True,LBR_hi_so,44,RI
LBR_hi_so,POP_lo_pc,76.49212203410121,32.49040179948664,44.0,40.375,3,True,LBR_hi_so,44,RI
LIB_lo_pc,POP_lo_pc,47.740512621255355,61.24201121233253,13.5,12.3887,9,True,LBR_hi_so,44,RI
CON_hi_pc,CON_lo_pc,182.09558138231986,288.2153925600941,106.12,22.5638,6,True,POP_lo_es,45,SC
CON_hi_pc,DSA_lo_es,325.8472755815019,144.46369836091202,181.38,38.5667,4,True,POP_lo_es,45,SC
CON_hi_pc,LBR_lo_es,231.90844613501056,238.40252780740343,6.49,1.3808,10,True,POP_lo_es,45,SC
CON_hi_pc,POP_lo_es,213.48828042706603,256.8226935153479,43.33,9.214,7,True,POP_lo_es,45,SC
CON_lo_pc,DSA_lo_es,331.4951218553123,138.8158520871017,192.68,40.9685,3,True,POP_lo_es,45,SC
CON_lo_pc,LBR_lo_es,249.9863189435482,220.32465499886575,29.66,6.3068,8,True,POP_lo_es,45,SC
CON_lo_pc,POP_lo_es,178.95160508238564,291.3593688600283,112.41,23.9007,5,True,POP_lo_es,45,SC
DSA_lo_es,LBR_lo_es,63.00817931957453,407.30279462283943,344.29,73.2057,1,True,POP_lo_es,45,SC
DSA_lo_es,POP_lo_es,127.33937223792256,342.97160170449143,215.63,45.8489,2,True,POP_lo_es,45,SC
LBR_lo_es,POP_lo_es,221.77003063238124,248.5409433100327,26.77,5.6922,9,True,POP_lo_es,45,SC
CON_hi_pc,CON_lo_pc,37.76837662590879,52.9693566239935,15.2,16.7527,5,True,STY_hi_pc,46,SD
CON_hi_pc,CUP,40.29211243318857,50.445620816713706,10.15,11.19,6,True,STY_hi_pc,46,SD
CON_hi_pc,LIB_hi_pc,62.35113200304639,28.386601246855893,33.96,37.4315,4,True,STY_hi_pc,46,SD
CON_hi_pc,STY_hi_pc,42.45932957721417,48.27840367268812,5.82,6.4131,7,True,STY_hi_pc,46,SD
CON_lo_pc,CUP,43.71422548207414,47.02350776782816,3.31,3.6471,8,True,STY_hi_pc,46,SD
CON_lo_pc,LIB_hi_pc,63.95737630019517,26.780356949707116,37.18,40.972,3,True,STY_hi_pc,46,SD
CON_lo_pc,STY_hi_pc,44.272888247828305,46.464845002073986,2.19,2.4157,10,True,STY_hi_pc,46,SD
CUP,LIB_hi_pc,64.9362917947162,25.801441455186087,39.13,43.1296,2,True,STY_hi_pc,46,SD
CUP,STY_hi_pc,44.02702245277793,46.710710797124364,2.68,2.9576,9,True,STY_hi_pc,46,SD
LIB_hi_pc,STY_hi_pc,20.310769516159983,70.42696373374231,50.12,55.2319,1,True,STY_hi_pc,46,SD
CON_hi_pc,CON_lo_es,330.41017086024016,418.28371633939173,87.87,11.7369,8,True,CON_lo_pc,47,TN
CON_hi_pc,CON_lo_pc,315.17933337298734,433.51455382664454,118.34,15.8056,7,True,CON_lo_pc,47,TN
CON_hi_pc,NAT_lo_es,624.9473223662033,123.74656483342864,501.2,66.9433,1,True,CON_lo_pc,47,TN
CON_hi_pc,STY_lo_es,412.5469059892621,336.14698121036986,76.4,10.2044,9,True,CON_lo_pc,47,TN
CON_lo_es,CON_lo_pc,352.6585613181485,396.03532588148335,43.38,5.7937,10,True,CON_lo_pc,47,TN
CON_lo_es,NAT_lo_es,598.521722847311,150.17216435232086,448.35,59.8842,2,True,CON_lo_pc,47,TN
CON_lo_es,STY_lo_es,443.444458288912,305.24942891071987,138.2,18.4581,6,True,CON_lo_pc,47,TN
CON_lo_pc,NAT_lo_es,572.2690356772991,176.42485152233274,395.84,52.8713,3,True,CON_lo_pc,47,TN
CON_lo_pc,STY_lo_es,469.8014157426432,278.8924714569887,190.91,25.4989,5,True,CON_lo_pc,47,TN
NAT_lo_es,STY_lo_es,219.45996975060177,529.2339174490301,309.77,41.3752,4,True,CON_lo_pc,47,TN
CON_hi_pc,CON_lo_pc,740.0620746417742,1496.8279752832063,756.77,33.8312,2,True,STY_lo_es,48,TX
CON_hi_pc,CUP_lo_pc,1169.551723103816,1067.3383268211646,102.21,4.5694,8,True,STY_lo_es,48,TX
CON_hi_pc,LBR_hi_es,1075.2469954084006,1161.6430545165804,86.4,3.8623,9,True,STY_lo_es,48,TX
CON_hi_pc,STY_lo_es,846.8108071331217,1390.079242791859,543.27,24.2868,4,True,STY_lo_es,48,TX
CON_lo_pc,CUP_lo_pc,1230.5276359482173,1006.3624139767636,224.17,10.0213,5,True,STY_lo_es,48,TX
CON_lo_pc,LBR_hi_es,1201.9824360920456,1034.907613832935,167.07,7.4691,7,True,STY_lo_es,48,TX
CON_lo_pc,STY_lo_es,1020.2516907686712,1216.6383591563094,196.39,8.7795,6,True,STY_lo_es,48,TX
CUP_lo_pc,LBR_hi_es,1123.4266850647032,1113.4633648602776,9.96,0.4454,10,False,STY_lo_es,48,TX
CUP_lo_pc,STY_lo_es,783.1371427370477,1453.752907187933,670.62,29.9798,3,True,STY_lo_es,48,TX
LBR_hi_es,STY_lo_es,728.2417852130629,1508.6482647119178,780.41,34.888,1,True,STY_lo_es,48,TX
CON_lo_pc,CUP_hi_pc,113.2849332728427,177.41342188312444,64.13,22.0601,4,True,LBR_lo_es,49,UT
CON_lo_pc,LBR_lo_es,136.94393958325776,153.75441557270938,16.81,5.7828,9,True,LBR_lo_es,49,UT
CON_lo_pc,LBR_lo_so,139.06372393641493,151.6346312195522,12.57,4.3244,10,True,LBR_lo_es,49,UT
CON_lo_pc,POP_hi_es,94.14965095038164,196.54870420558547,102.4,35.2252,1,True,LBR_lo_es,49,UT
CUP_hi_pc,LBR_lo_es,103.9749722793067,186.72338287666042,82.75,28.4654,2,True,LBR_lo_es,49,UT
CUP_hi_pc,LBR_lo_so,113.43305065395919,177.26530450200792,63.83,21.9582,5,True,LBR_lo_es,49,UT
CUP_hi_pc,POP_hi_es,165.89287626633194,124.80547888963517,41.09,14.134,6,True,LBR_lo_es,49,UT
LBR_lo_es,LBR_lo_so,179.6796687477073,111.01868640825984,68.66,23.6193,3,True,LBR_lo_es,49,UT
LBR_lo_es,POP_hi_es,161.55684644847224,129.14150870749484,32.42,11.1509,7,True,LBR_lo_es,49,UT
LBR_lo_so,POP_hi_es,153.76051031012184,136.93784484584526,16.82,5.787,8,True,LBR_lo_es,49,UT
CON_lo_es,LBR_lo_so,24.365669031216257,51.791062006076245,27.43,36.0118,3,True,LBR_lo_so,50,VT
CON_lo_es,LIB,28.511744260397332,47.644986776895166,19.13,25.1235,6,True,LBR_lo_so,50,VT
CON_lo_es,POP_lo_pc,22.177204451937303,53.979526585355195,31.8,41.759,2,True,LBR_lo_so,50,VT
CON_lo_es,PRG,38.311465957301166,37.84526507999132,0.47,0.6122,10,True,LBR_lo_so,50,VT
LBR_lo_so,LIB,44.59969854955436,31.557032487738137,13.04,17.1261,7,True,LBR_lo_so,50,VT
LBR_lo_so,POP_lo_pc,55.357317756852126,20.79941328044037,34.56,45.3773,1,True,LBR_lo_so,50,VT
LBR_lo_so,PRG,51.64349249970407,24.513238537588425,27.13,35.6242,4,True,LBR_lo_so,50,VT
LIB,POP_lo_pc,40.77986833114429,35.3768627061482,5.4,7.0946,9,True,LBR_lo_so,50,VT
LIB,PRG,51.374410297022536,24.782320740269945,26.59,34.9176,5,True,LBR_lo_so,50,VT
POP_lo_pc,PRG,43.862022296271185,32.29470874102131,11.57,15.1888,8,True,LBR_lo_so,50,VT
CON_hi_pc,CON_lo_pc,277.2763060950552,599.7826032415524,322.51,36.7713,1,True,STY_lo_es,51,VA
CON_hi_pc,LBR_hi_so,372.36141002718614,504.6974993094215,132.34,15.0886,6,True,STY_lo_es,51,VA
CON_hi_pc,LBR_lo_so,413.47747669701533,463.58143263959226,50.1,5.7127,9,True,STY_lo_es,51,VA
CON_hi_pc,STY_lo_es,310.753551780656,566.3053575559516,255.55,29.1374,3,True,STY_lo_es,51,VA
CON_lo_pc,LBR_hi_so,407.07142196275436,469.98748737385324,62.92,7.1735,8,True,STY_lo_es,51,VA
CON_lo_pc,LBR_lo_so,442.50510708550894,434.5538022510986,7.95,0.9066,10,True,STY_lo_es,51,VA
CON_lo_pc,STY_lo_es,372.0747462248058,504.9841631118019,132.91,15.154,5,True,STY_lo_es,51,VA
LBR_hi_so,LBR_lo_so,580.3209741298331,296.7379352067744,283.58,32.3334,2,True,STY_lo_es,51,VA
LBR_hi_so,STY_lo_es,381.7932158192344,495.26569351737317,113.47,12.9378,7,True,STY_lo_es,51,VA
LBR_lo_so,STY_lo_es,357.68868703387875,519.3702223027288,161.68,18.4345,4,True,STY_lo_es,51,VA
CON_hi_pc,CON_lo_pc,207.54700082905117,615.3442471903747,407.8,49.5566,1,True,LBR_hi_so,53,WA
CON_hi_pc,LBR_hi_so,253.90123043810354,568.9900175813224,315.09,38.2905,3,True,LBR_hi_so,53,WA
CON_hi_pc,LBR_lo_so,303.2563707001983,519.6348773192277,216.38,26.2949,5,True,LBR_hi_so,53,WA
CON_hi_pc,LIB,382.70772084261813,440.18352717680773,57.48,6.9846,9,True,LBR_hi_so,53,WA
CON_lo_pc,LBR_hi_so,309.58893789924844,513.3023101201775,203.71,24.7558,6,True,LBR_hi_so,53,WA
CON_lo_pc,LBR_lo_so,362.72844495074526,460.16280306868066,97.43,11.8405,8,True,LBR_hi_so,53,WA
CON_lo_pc,LIB,403.22475308574303,419.66649493368294,16.44,1.998,10,True,LBR_hi_so,53,WA
LBR_hi_so,LBR_lo_so,500.50706867151615,322.38417934790976,178.12,21.646,7,True,LBR_hi_so,53,WA
LBR_hi_so,LIB,567.8103082308788,255.0809397885472,312.73,38.0037,4,True,LBR_hi_so,53,WA
LBR_lo_so,LIB,584.095641077329,238.79560694209698,345.3,41.9618,2,True,LBR_hi_so,53,WA
CON_hi_pc,CON_lo_pc,83.40642459190825,141.72694386380633,58.32,25.9049,2,True,STY_hi_so,54,WV
CON_hi_pc,LBR_hi_so,122.13979711437824,102.99357134133629,19.15,8.5044,8,True,STY_hi_so,54,WV
CON_hi_pc,POP_lo_es,107.85764772915175,117.27572072656281,9.42,4.1833,10,True,STY_hi_so,54,WV
CON_hi_pc,STY_hi_so,84.23751333020303,140.89585512551153,56.66,25.1666,3,True,STY_hi_so,54,WV
CON_lo_pc,LBR_hi_so,127.65182896757143,97.48153948814314,30.17,13.4011,6,True,STY_hi_so,54,WV
CON_lo_pc,POP_lo_es,102.07376203611229,123.05960641960229,20.99,9.3215,7,True,STY_hi_so,54,WV
CON_lo_pc,STY_hi_so,105.08522596061516,120.04814249509938,14.96,6.6462,9,True,STY_hi_so,54,WV
LBR_hi_so,POP_lo_es,97.1937993008952,127.93956915481935,30.75,13.6567,5,True,STY_hi_so,54,WV
LBR_hi_so,STY_hi_so,64.17619777893452,160.95717067678004,96.78,42.9883,1,True,STY_hi_so,54,WV
POP_lo_es,STY_hi_so,89.95996457472269,135.17340388099188,45.21,20.083,4,True,STY_hi_so,54,WV
CON_hi_pc,CON_lo_pc,221.03443038027507,422.31366019241585,201.28,31.2862,3,True,LBR_hi_so,55,WI
CON_hi_pc,LBR_hi_so,276.78323796903004,366.5648526036609,89.78,13.9554,8,True,LBR_hi_so,55,WI
CON_hi_pc,LIB,379.713338942361,263.6347516303299,116.08,18.0429,6,True,LBR_hi_so,55,WI
CON_hi_pc,POP_lo_es,270.2752546349426,373.0728359377483,102.8,15.9785,7,True,LBR_hi_so,55,WI
CON_lo_pc,LBR_hi_so,300.65506087442736,342.69302969826356,42.04,6.5342,9,True,LBR_hi_so,55,WI
CON_lo_pc,LIB,407.85142182441496,235.496668748276,172.35,26.7903,5,True,LBR_hi_so,55,WI
CON_lo_pc,POP_lo_es,226.63242072139934,416.7156698512916,190.08,29.5459,4,True,LBR_hi_so,55,WI
LBR_hi_so,LIB,506.5597212464269,136.7883693262641,369.77,57.4761,1,True,LBR_hi_so,55,WI
LBR_hi_so,POP_lo_es,337.09733672182807,306.25075385086285,30.85,4.7947,10,True,LBR_hi_so,55,WI
LIB,POP_lo_es,217.6100304458306,425.7380601268603,208.13,32.3508,2,True,LBR_hi_so,55,WI
CON_hi_pc,CON_lo_es,26.367266805882636,38.185185776191084,11.82,18.3075,5,True,CUP_hi_pc,56,WY
CON_hi_pc,CUP_hi_pc,30.678184730930983,33.87426785114273,3.2,4.9511,9,True,CUP_hi_pc,56,WY
CON_hi_pc,LIB_hi_pc,43.320863425741706,21.231589156332017,22.09,34.2191,4,True,CUP_hi_pc,56,WY
CON_hi_pc,POP_lo_es,29.60341247847556,34.949040103598165,5.35,8.2811,8,True,CUP_hi_pc,56,WY
CON_lo_es,CUP_hi_pc,32.48307202271109,32.069380559362635,0.41,0.6409,10,False,CUP_hi_pc,56,WY
CON_lo_es,LIB_hi_pc,44.30984011396447,20.242612468109254,24.07,37.2832,3,True,CUP_hi_pc,56,WY
CON_lo_es,POP_lo_es,28.05793017133957,36.49452241073415,8.44,13.0694,7,True,CUP_hi_pc,56,WY
CUP_hi_pc,LIB_hi_pc,45.52428397550925,19.028168606564478,26.5,41.0459,2,True,CUP_hi_pc,56,WY
CUP_hi_pc,POP_lo_es,36.78158619454285,27.77086638753087,9.01,13.9588,6,True,CUP_hi_pc,56,WY
LIB_hi_pc,POP_lo_es,15.940100630428976,48.61235195164474,32.67,50.6135,1,True,CUP_hi_pc,56,WY
